w,1747718297.6937373
a,1747718297.755934
w,1747718297.8000772
a,1747718297.8753288
t,1747718297.87632
t,1747718297.9790535
a,1747718297.9800427
a,1747718298.0982225
s,1747718298.1659863
i,1747718298.2452013
i,1747718298.3396182
h,1747718298.4509828
a,1747718298.5214937
a,1747718298.6486824
k,1747718299.0137799
o,1747718299.0882676
k,1747718299.137629
o,1747718299.1872275
r,1747718299.1872275
e,1747718299.2368994
r,1747718299.276175
e,1747718299.3421314
h,1747718299.750013
o,1747718299.8040068
o,1747718299.9078665
d,1747718299.966779
d,1747718300.052149
o,1747718300.0672505
o,1747718300.1557012
d,1747718300.7697976
d,1747718300.8435092
o,1747718300.8453825
o,1747718300.9135087
r,1747718301.1019602
y,1747718301.175759
o,1747718301.2347777
y,1747718301.2838717
o,1747718301.3639748
k,1747718301.664632
u,1747718301.7382193
u,1747718301.8619099
s,1747718302.2504249
i,1747718302.3258169
i,1747718302.395795
t,1747718302.4557407
t,1747718302.5503309
a,1747718302.898916
a,1747718303.0184882
n,1747718303.2684155
o,1747718303.3369887
n,1747718303.3814847
o,1747718303.4497602
d,1747718303.4813554
a,1747718303.5758686
a,1747718303.6757405
s,1747718304.5064013
o,1747718304.575375
o,1747718304.6648958
u,1747718304.6668985
u,1747718304.7737746
d,1747718304.8989162
d,1747718304.9736278
e,1747718305.3348398
e,1747718305.4097297
s,1747718305.5233893
u,1747718305.6079724
a,1747718306.4863906
a,1747718306.5706716
n,1747718306.5953026
o,1747718306.6442008
o,1747718306.763556
k,1747718306.918094
a,1747718307.0066051
a,1747718307.1214075
t,1747718307.1626816
a,1747718307.2364626
a,1747718307.3468387
h,1747718307.5403492
a,1747718307.623712
a,1747718307.7337298
n,1747718308.1658597
n,1747718308.2701552
a,1747718308.2741592
a,1747718308.346934
t,1747718308.6499877
a,1747718308.72736
a,1747718308.837775
w,1747718309.298037
o,1747718309.357649
o,1747718309.4474134
s,1747718309.7574053
i,1747718309.8310282
i,1747718309.910935
n,1747718310.1992614
n,1747718310.276287
z,1747718310.7849057
i,1747718310.8634133
i,1747718310.9423347
t,1747718311.2004068
e,1747718311.2677462
t,1747718311.3002262
e,1747718311.3545654
o,1747718311.6341465
o,1747718311.7207026
r,1747718311.8119047
r,1747718311.9210184
i,1747718311.9228983
i,1747718312.0295372
m,1747718312.405672
a,1747718312.4644675
a,1747718312.5484278
s,1747718312.601808
a,1747718312.8392363
t,1747718312.863536
a,1747718312.967227
i,1747718313.4441838
i,1747718313.5247822
t,1747718313.5546331
a,1747718313.6280513
a,1747718313.7672248
s,1747718314.6529694
s,1747718314.731998
i,1747718314.7671163
n,1747718314.821965
n,1747718314.8970861
s,1747718315.1446536
s,1747718315.1849425
j,1747718315.2733157
j,1747718315.377218
z,1747718315.7594273
i,1747718315.838423
z,1747718315.8944333
i,1747718315.9424944
t,1747718316.034609
u,1747718316.1283236
u,1747718316.2404616
t,1747718316.9376564
o,1747718316.9973023
t,1747718317.032543
o,1747718317.086405
h,1747718317.3101637
a,1747718317.390264
a,1747718317.498923
k,1747718317.9817374
e,1747718318.0557342
e,1747718318.135955
s,1747718318.3193314
s,1747718318.3935556
s,1747718318.4416027
s,1747718318.5422537
i,1747718318.578123
i,1747718318.672092
t,1747718318.9237423
e,1747718318.9824023
e,1747718319.0812852
k,1747718319.4725325
u,1747718319.551179
u,1747718319.68079
k,1747718320.0668871
k,1747718320.2015138
y,1747718320.2178402
o,1747718320.3261952
u,1747718320.3903856
o,1747718320.4611332
u,1747718320.509594
n,1747718322.093385
n,1747718322.184169
a,1747718322.185187
a,1747718322.2782133
m,1747718322.8708396
o,1747718322.9610212
m,1747718323.0259292
o,1747718323.1151586
u,1747718323.152688
u,1747718323.3041708
s,1747718324.055713
o,1747718324.1604726
u,1747718324.2391522
o,1747718324.2940922
u,1747718324.3784535
d,1747718324.475542
d,1747718324.550466
e,1747718324.6689513
e,1747718324.7390287
h,1747718324.9255521
h,1747718325.0150826
a,1747718325.0276172
a,1747718325.095966
a,1747718325.1319935
a,1747718325.1613972
n,1747718325.2970104
n,1747718325.3957343
a,1747718325.3966327
a,1747718325.4851763
k,1747718325.5778573
a,1747718325.651387
a,1747718325.7506115
t,1747718325.8293383
t,1747718325.8792746
t,1747718325.9488955
t,1747718326.0174189
a,1747718326.0184178
a,1747718326.1240458
i,1747718326.9496193
i,1747718327.01922
n,1747718327.3623908
n,1747718327.452369
u,1747718327.5665076
u,1747718327.6586502
m,1747718328.4097438
m,1747718328.508647
n,1747718328.8047612
n,1747718328.9087534
i,1747718329.1614807
i,1747718329.2685568
o,1747718330.0912614
o,1747718330.167471
y,1747718330.542518
o,1747718330.5695243
y,1747718330.6654227
o,1747718330.7121215
b,1747718331.38547
b,1747718331.4604943
u,1747718331.4614813
u,1747718331.5555463
o,1747718332.292758
o,1747718332.361511
n,1747718332.4517455
n,1747718332.5403292
a,1747718332.5413475
a,1747718332.6402867
z,1747718332.855625
i,1747718332.919889
z,1747718332.9886718
i,1747718333.0204654
k,1747718333.205752
u,1747718333.2637618
u,1747718333.3701203
r,1747718333.941871
a,1747718334.0110638
a,1747718334.158011
i,1747718334.1590145
i,1747718334.219322
t,1747718334.537505
t,1747718334.6134486
o,1747718334.741358
o,1747718334.8062456
t,1747718338.6136491
t,1747718338.6830907
a,1747718338.7755053
k,1747718339.104564
a,1747718339.1759593
a,1747718339.27142
k,1747718339.6177115
u,1747718339.7172432
k,1747718339.781217
u,1747718339.8449252
w,1747718340.0497189
a,1747718340.142422
a,1747718340.2565274
t,1747718340.3068037
a,1747718340.369806
a,1747718340.4444501
s,1747718340.8281317
i,1747718340.8998275
i,1747718340.9895413
n,1747718341.3282688
o,1747718341.3980985
o,1747718341.525425
h,1747718341.848489
o,1747718341.9551435
u,1747718342.0780437
u,1747718342.2221394
w,1747718342.6411207
o,1747718342.7134085
o,1747718342.807807
n,1747718343.1676
a,1747718343.2479057
a,1747718343.3930604
g,1747718343.8197353
g,1747718343.901912
u,1747718343.9029152
u,1747718344.0137532
r,1747718344.0386896
e,1747718344.1508722
e,1747718344.2750971
o,1747718345.1302118
o,1747718345.2428017
m,1747718345.3536463
m,1747718345.4708085
a,1747718345.4914987
a,1747718345.6034107
d,1747718346.043789
d,1747718346.129317
e,1747718346.3329198
e,1747718346.4338872
g,1747718346.745815
a,1747718346.8210087
a,1747718346.961154
k,1747718347.2587886
a,1747718347.344012
a,1747718347.4655564
right shift,1747718348.0706913
?,1747718348.19465
right shift,1747718348.2737415
/,1747718348.3422596
o,1747718349.3677826
u,1747718349.4738796
u,1747718349.563573
h,1747718350.1272588
h,1747718350.2408566
a,1747718350.2454302
a,1747718350.3530765
b,1747718350.7967331
b,1747718350.8869846
i,1747718350.887984
i,1747718350.9608939
n,1747718351.2268157
n,1747718351.3309462
s,1747718351.9448197
h,1747718352.0133405
s,1747718352.0558724
o,1747718352.1140826
h,1747718352.1301365
o,1747718352.2746916
y,1747718352.5482414
o,1747718352.6324382
u,1747718352.72356
u,1747718352.8387341
s,1747718353.8060374
i,1747718353.859424
i,1747718353.9495728
t,1747718353.9771566
a,1747718354.0569968
a,1747718354.1941926
d,1747718355.1786094
d,1747718355.2489092
o,1747718355.2935934
t,1747718355.6256902
t,1747718355.7348142
t,1747718355.8075166
o,1747718355.8095033
o,1747718355.8868277
g,1747718356.309141
u,1747718356.3828938
u,1747718356.47833
n,1747718356.5942738
n,1747718356.6765978
h,1747718357.133878
s,1747718357.1358356
s,1747718357.251279
h,1747718357.3520045
h,1747718357.37273
y,1747718357.8311903
y,1747718357.8897595
u,1747718357.9945517
u,1747718358.048881
u,1747718358.0975785
u,1747718358.187937
n,1747718358.8983364
n,1747718359.0181394
o,1747718359.0720763
a,1747718359.8681734
a,1747718359.9579365
i,1747718359.9588597
i,1747718360.0429285
d,1747718360.2625754
a,1747718360.381829
a,1747718360.5193188
n,1747718360.5203443
i,1747718360.597894
i,1747718360.7024279
k,1747718361.165588
a,1747718361.2185013
a,1747718361.3200698
n,1747718361.337313
n,1747718361.4311619
s,1747718361.4330835
e,1747718361.5144675
e,1747718361.6180325
i,1747718361.6190531
i,1747718361.7024226
g,1747718362.0518923
a,1747718362.1141102
g,1747718362.1580358
a,1747718362.2327902
o,1747718362.4349864
o,1747718362.5254574
k,1747718362.6517575
k,1747718362.7685852
o,1747718362.7700539
o,1747718362.8670862
t,1747718362.9983714
t,1747718363.1282194
a,1747718363.2010417
a,1747718363.313655
s,1747718363.9920557
s,1747718364.0823832
o,1747718364.103631
n,1747718364.1765451
o,1747718364.2356215
o,1747718364.3484182
k,1747718364.4739635
o,1747718364.5384414
o,1747718364.654722
r,1747718364.6567442
r,1747718364.7390435
o,1747718364.7657766
o,1747718364.8627546
n,1747718365.000815
i,1747718365.085651
n,1747718365.1067793
i,1747718365.1850898
h,1747718365.2993548
h,1747718365.4051135
a,1747718365.408118
a,1747718365.5071654
a,1747718365.7690978
a,1747718365.869738
m,1747718365.8727388
m,1747718365.968241
e,1747718365.9932477
e,1747718366.094033
m,1747718366.2198517
o,1747718366.3110654
o,1747718366.40949
k,1747718366.8013797
o,1747718366.8657887
o,1747718366.9829035
b,1747718367.1163545
u,1747718367.1684902
u,1747718367.2635126
r,1747718367.4822617
i,1747718367.5355463
r,1747718367.5891595
i,1747718367.6252882
n,1747718367.7142937
n,1747718367.8269086
i,1747718367.8284457
i,1747718367.9092476
n,1747718368.636113
n,1747718368.7256901
a,1747718368.7286599
a,1747718368.84891
t,1747718368.9382265
t,1747718369.0236642
t,1747718369.0840037
e,1747718369.1697679
e,1747718369.2595673
i,1747718369.4556937
i,1747718369.5163383
y,1747718369.8114927
o,1747718369.8707807
y,1747718369.9065099
u,1747718369.9872956
o,1747718370.0293784
u,1747718370.0976593
k,1747718370.7557921
o,1747718370.8189187
u,1747718370.9100373
u,1747718371.055796
m,1747718372.170252
m,1747718372.2757194
u,1747718372.4063084
u,1747718372.4978442
k,1747718372.634267
o,1747718372.6981523
k,1747718372.7451735
o,1747718372.804179
n,1747718372.841166
o,1747718373.0336704
b,1747718373.4362872
b,1747718373.5205662
o,1747718373.548044
o,1747718373.6230166
k,1747718373.8984668
u,1747718374.0049958
u,1747718374.1329334
j,1747718374.2901726
i,1747718374.3523092
j,1747718374.4053006
i,1747718374.4640567
n,1747718374.518862
n,1747718374.6182628
z,1747718375.6265175
i,1747718375.6843038
z,1747718375.7437203
i,1747718375.7758782
n,1747718375.8017073
n,1747718375.9289703
m,1747718376.115166
o,1747718376.210818
m,1747718376.264141
o,1747718376.3281684
g,1747718376.7012572
a,1747718376.7598016
a,1747718376.8657389
n,1747718376.8676236
n,1747718376.9564328
k,1747718377.117493
k,1747718377.202152
y,1747718377.2474155
o,1747718377.3319976
u,1747718377.4090548
o,1747718377.4458084
u,1747718377.5248828
d,1747718377.6092086
d,1747718377.67788
e,1747718377.7726786
a,1747718378.0384476
a,1747718378.1726058
t,1747718378.2477062
t,1747718378.3050485
t,1747718378.3572605
t,1747718378.3989348
t,1747718378.4624977
t,1747718378.5207274
a,1747718378.5216901
a,1747718378.622916
i,1747718379.3695588
i,1747718379.442049
s,1747718379.5214727
o,1747718379.5900533
o,1747718379.6748106
g,1747718380.2556398
g,1747718380.345833
e,1747718380.400254
e,1747718380.501632
m,1747718380.5443559
m,1747718380.6405902
e,1747718380.6797535
e,1747718380.7636073
r,1747718380.8414533
o,1747718380.9051616
o,1747718381.0098412
s,1747718381.1121554
u,1747718381.2290454
u,1747718381.3345406
a,1747718382.0420709
a,1747718382.1223454
n,1747718382.1233356
o,1747718382.1863728
o,1747718382.3078148
k,1747718382.4392564
a,1747718382.5097332
k,1747718382.5598154
a,1747718382.6417742
t,1747718382.6751676
a,1747718382.7665298
a,1747718382.8779943
h,1747718383.1488426
a,1747718383.2179797
a,1747718383.3024817
a,1747718383.85635
a,1747718383.983549
n,1747718384.4587
n,1747718384.5318592
a,1747718384.533859
a,1747718384.650131
t,1747718385.1713645
a,1747718385.2407305
a,1747718385.351797
w,1747718385.4767215
o,1747718385.56367
w,1747718385.6001182
o,1747718385.6645017
s,1747718385.788388
s,1747718385.8898513
i,1747718385.891455
i,1747718385.968843
n,1747718385.9698381
n,1747718386.107482
z,1747718386.3099637
i,1747718386.4005668
z,1747718386.4585154
i,1747718386.4862297
t,1747718386.6525378
e,1747718386.7059987
t,1747718386.7522733
e,1747718386.8270433
o,1747718386.9587116
o,1747718387.0372403
r,1747718387.107823
r,1747718387.2042832
i,1747718387.205282
i,1747718387.3040078
m,1747718387.356405
a,1747718387.4471493
s,1747718387.5473719
i,1747718387.6351106
s,1747718387.7119489
t,1747718387.7129462
a,1747718387.8011572
a,1747718387.902561
w,1747718388.6584623
a,1747718388.7111206
a,1747718388.855553
t,1747718388.9150467
t,1747718389.0324135
a,1747718389.0334377
a,1747718389.1437304
s,1747718389.2727132
i,1747718389.3523707
i,1747718389.4579308
t,1747718390.0036032
t,1747718390.109947
a,1747718390.1951895
t,1747718390.2925978
i,1747718390.3875227
i,1747718390.4722066
h,1747718390.5985775
a,1747718390.6923301
a,1747718390.7890446
h,1747718391.2218504
h,1747718391.3019495
a,1747718391.3019495
a,1747718391.4187925
n,1747718391.5345936
n,1747718391.6247785
o,1747718391.6257796
o,1747718391.7557044
h,1747718392.3170316
o,1747718392.3868265
o,1747718392.5087488
k,1747718392.7576735
k,1747718392.779635
n,1747718393.1334145
n,1747718393.2449934
t,1747718393.9709964
o,1747718394.0439212
u,1747718394.1340475
u,1747718394.235357
n,1747718394.377565
n,1747718394.5578496
i,1747718394.6698806
y,1747718395.3773534
o,1747718395.4412818
o,1747718395.548048
i,1747718395.7747548
i,1747718395.8935144
t,1747718396.0785186
t,1747718396.1727867
o,1747718396.1737802
o,1747718396.2530506
m,1747718396.3155072
o,1747718396.4330685
m,1747718396.4915845
o,1747718396.5336885
t,1747718397.6272976
t,1747718397.6932704
o,1747718397.6942706
o,1747718397.792326
t,1747718398.0682433
t,1747718398.1704822
o,1747718398.1714814
o,1747718398.2713058
m,1747718398.3688774
o,1747718398.4743767
m,1747718398.5326385
o,1747718398.5865858
d,1747718398.6978402
d,1747718398.7832487
e,1747718398.8786266
e,1747718398.9699254
a,1747718399.1667688
a,1747718399.3002617
t,1747718399.3754249
t,1747718399.4283636
t,1747718399.493183
t,1747718399.578351
a,1747718399.5793765
a,1747718399.7109942
o,1747718399.782299
o,1747718399.8258271
n,1747718399.8668664
o,1747718399.938577
n,1747718399.976081
o,1747718400.03933
d,1747718400.074406
d,1747718400.1726353
a,1747718400.6958487
t,1747718401.7521994
a,1747718401.8167484
a,1747718401.9064298
i,1747718401.920905
i,1747718402.0112014
s,1747718402.1066577
e,1747718402.173945
e,1747718402.2696748
t,1747718402.3427804
t,1747718402.4376316
u,1747718402.4376316
u,1747718402.5336533
n,1747718402.702483
n,1747718402.802297
a,1747718402.8032987
a,1747718402.9041693
y,1747718403.1327503
o,1747718403.226561
u,1747718403.338466
o,1747718403.4544091
u,1747718403.4554136
j,1747718403.643745
j,1747718403.7728732
z,1747718403.9738555
i,1747718404.0806422
i,1747718404.179478
g,1747718404.4618413
g,1747718404.547115
a,1747718404.6162224
a,1747718404.719993
r,1747718404.8474932
u,1747718404.925213
u,1747718405.0268903
n,1747718405.182664
o,1747718405.2362583
o,1747718405.3525395
d,1747718405.40744
d,1747718405.4822538
e,1747718405.5412455
e,1747718405.6321342
a,1747718405.8485322
a,1747718405.9675007
o,1747718406.6265256
o,1747718406.7284615
m,1747718406.7741508
m,1747718406.8739274
a,1747718406.9141243
a,1747718406.9981747
d,1747718407.190619
d,1747718407.2072515
e,1747718407.3474438
e,1747718407.4632766
r,1747718407.5803158
a,1747718407.671018
a,1747718407.815154
h,1747718407.9878476
a,1747718408.080245
h,1747718408.127783
a,1747718408.170888
w,1747718408.4873972
a,1747718408.5400348
w,1747718408.6140277
a,1747718408.6725469
s,1747718408.992362
i,1747718409.0623355
i,1747718409.1630285
n,1747718409.5995328
o,1747718409.6682694
n,1747718409.7161098
o,1747718409.7969015
k,1747718410.0086303
k,1747718410.0930612
o,1747718410.1328764
r,1747718410.2470016
k,1747718410.5206485
k,1747718410.6100893
o,1747718410.6792905
o,1747718410.7928355
r,1747718410.808089
o,1747718410.8823185
n,1747718411.1073256
o,1747718411.1998196
n,1747718411.2373142
o,1747718411.3040886
i,1747718411.982921
k,1747718412.4296777
k,1747718412.5148156
a,1747718412.5158095
a,1747718412.5992842
t,1747718412.6958551
t,1747718412.7491753
t,1747718412.7997367
t,1747718412.8696365
a,1747718412.8705308
a,1747718412.9536784
n,1747718413.1013641
n,1747718413.214887
o,1747718413.2873132
d,1747718413.3750892
d,1747718413.4552727
e,1747718413.5101855
e,1747718413.5953708
y,1747718414.3524153
o,1747718414.4256108
o,1747718414.5101688
k,1747718414.6093452
u,1747718414.699644
k,1747718414.762606
u,1747718414.7884533
m,1747718414.9407852
o,1747718415.0147624
o,1747718415.120131
w,1747718415.2264757
a,1747718415.3075366
w,1747718415.3808987
a,1747718415.4445384
t,1747718415.4608831
t,1747718415.5664766
a,1747718415.5687718
a,1747718415.6731622
i,1747718415.7251594
i,1747718415.8200064
s,1747718415.8220236
s,1747718415.9269655
w,1747718416.2212443
o,1747718416.2776494
w,1747718416.3148427
o,1747718416.3953729
s,1747718416.619619
s,1747718416.672575
s,1747718417.3878834
s,1747718417.4895253
i,1747718417.542772
i,1747718417.612075
w,1747718417.890123
o,1747718418.0439131
o,1747718418.1458936
s,1747718418.50888
i,1747718418.5831904
i,1747718418.7061322
n,1747718418.743413
n,1747718418.8075068
d,1747718418.948894
d,1747718419.018131
e,1747718419.0951157
e,1747718419.1953232
j,1747718419.579462
z,1747718419.626625
j,1747718419.686139
z,1747718419.7768323
i,1747718420.1498165
i,1747718420.2191799
t,1747718420.434485
e,1747718420.5042298
e,1747718420.5947497
k,1747718420.6652648
u,1747718420.7502666
u,1747718420.8569155
r,1747718421.0440955
e,1747718421.1079981
r,1747718421.1561925
e,1747718421.2191942
a,1747718421.3544855
t,1747718421.3965747
t,1747718421.5025206
a,1747718422.0176938
a,1747718422.166519
w,1747718422.9634678
a,1747718423.081189
a,1747718423.193681
t,1747718423.208399
t,1747718423.3235962
a,1747718423.3261259
a,1747718423.41847
s,1747718423.5948153
s,1747718423.706368
i,1747718423.707407
i,1747718423.8337493
m,1747718423.8890338
o,1747718423.9792552
m,1747718424.0437553
o,1747718424.0912774
k,1747718424.3240063
k,1747718424.4005911
i,1747718424.4878836
i,1747718424.5929966
m,1747718424.667658
i,1747718424.7358172
m,1747718424.7782712
i,1747718424.8419838
o,1747718425.1390748
w,1747718425.1922276
w,1747718425.3092864
w,1747718425.5840611
w,1747718425.680231
o,1747718425.6812747
o,1747718425.7495463
a,1747718426.3043606
a,1747718426.3843155
z,1747718426.5180075
z,1747718426.613926
a,1747718426.6993065
a,1747718426.7836697
m,1747718426.8194432
m,1747718426.9039812
u,1747718427.0017207
u,1747718427.087616
k,1747718427.1910796
a,1747718427.270783
a,1747718427.4013307
n,1747718427.4979544
a,1747718427.5677824
a,1747718427.7052753
t,1747718427.8138833
t,1747718427.883634
k,1747718428.2946293
a,1747718428.373376
k,1747718428.4159768
a,1747718428.4868495
t,1747718428.544782
t,1747718428.6124284
t,1747718428.6844647
t,1747718428.7631621
a,1747718428.7640817
a,1747718428.8864145
m,1747718429.740336
m,1747718429.8523688
a,1747718429.8682528
a,1747718430.017296
d,1747718430.1729245
d,1747718430.3060143
a,1747718430.3072991
a,1747718430.407523
h,1747718430.606384
h,1747718430.71357
i,1747718430.71357
i,1747718430.819183
h,1747718431.2659075
a,1747718431.3304589
a,1747718431.4261434
h,1747718431.4403503
s,1747718431.8558965
s,1747718431.9685872
i,1747718431.970606
i,1747718432.0426755
z,1747718432.1478896
u,1747718432.2367811
z,1747718432.2798514
u,1747718432.3221107
m,1747718432.4345193
m,1747718432.5384476
a,1747718432.539621
a,1747718432.6457517
n,1747718432.7753937
n,1747718432.8612432
u,1747718432.955794
u,1747718433.0742962
m,1747718433.7364995
a,1747718433.8223143
a,1747718433.8800845
t,1747718434.006353
e,1747718434.090851
e,1747718434.214573
w,1747718434.8251708
a,1747718434.8946252
w,1747718434.96874
a,1747718435.038684
t,1747718435.0407364
a,1747718435.139623
a,1747718435.2617996
s,1747718435.3309827
s,1747718435.4005172
i,1747718435.4188242
i,1747718435.4993815
h,1747718435.8935816
a,1747718435.9826043
a,1747718436.1379805
t,1747718436.4399214
t,1747718436.5352402
y,1747718436.5365605
y,1747718436.5999296
a,1747718436.6243505
a,1747718436.7501674
n,1747718436.7511582
n,1747718436.838984
t,1747718436.903652
o,1747718436.9622579
t,1747718437.0040023
o,1747718437.0741045
s,1747718437.3893597
i,1747718437.4812653
i,1747718437.5384362
n,1747718437.7674751
n,1747718437.8467512
u,1747718437.951263
u,1747718438.033701
r,1747718438.106299
u,1747718438.1745334
r,1747718438.2270706
u,1747718438.280434
k,1747718438.5373752
k,1747718438.6070626
a,1747718438.6261716
a,1747718438.7068908
k,1747718438.7835262
u,1747718438.8950267
u,1747718438.9649453
g,1747718439.74821
o,1747718439.8176627
o,1747718439.924639
d,1747718440.0065727
d,1747718440.0753045
e,1747718440.166031
e,1747718440.240521
i,1747718440.3708887
i,1747718440.466282
r,1747718440.4918895
u,1747718440.5566788
u,1747718440.6434321
n,1747718440.7814748
o,1747718440.8618705
o,1747718440.967485
n,1747718441.2566001
n,1747718441.3264937
i,1747718441.4065526
d,1747718442.3346086
o,1747718442.3940473
o,1747718442.4889145
u,1747718442.4899068
u,1747718442.5919857
t,1747718442.6606078
t,1747718442.7760746
o,1747718442.777072
o,1747718442.8553472
m,1747718443.2590637
o,1747718443.3607044
o,1747718443.466287
k,1747718443.70307
a,1747718443.7901073
a,1747718443.8917353
t,1747718443.9603734
t,1747718444.0187008
t,1747718444.0930521
t,1747718444.17271
e,1747718444.173709
e,1747718444.2463424
n,1747718444.3924081
i,1747718444.466341
i,1747718444.5878708
s,1747718444.7801943
s,1747718444.8822613
u,1747718444.8831074
u,1747718444.9658887
r,1747718445.0407114
u,1747718445.1200945
g,1747718445.2614257
a,1747718445.3507369
a,1747718445.4788783
y,1747718445.6046593
y,1747718445.711454
o,1747718445.7124705
o,1747718445.8044257
i,1747718445.9135718
t,1747718446.7297716
a,1747718446.7884598
a,1747718446.8999832
i,1747718446.9009838
i,1747718446.9900978
s,1747718447.218496
e,1747718447.309936
s,1747718447.3632936
e,1747718447.4471242
t,1747718447.471789
u,1747718447.5297098
t,1747718447.5826025
u,1747718447.6304247
n,1747718447.7882743
a,1747718447.8413987
a,1747718447.9549043
y,1747718448.2378986
o,1747718448.317609
u,1747718448.4142118
u,1747718448.5090082
j,1747718448.6282575
i,1747718448.7144096
j,1747718448.7518582
i,1747718448.8213112
z,1747718449.2920718
i,1747718449.3996325
i,1747718449.5056198
g,1747718449.8279567
g,1747718449.920841
a,1747718450.0220613
a,1747718450.1336744
r,1747718450.2086372
u,1747718450.2775378
r,1747718450.3362517
u,1747718450.3739505
n,1747718450.4914637
o,1747718450.549411
o,1747718450.6566277
d,1747718450.7302837
d,1747718450.8101435
a,1747718451.0216308
a,1747718451.122794
r,1747718451.9343972
r,1747718452.0247858
o,1747718452.0257866
o,1747718452.1087925
b,1747718452.3320704
o,1747718452.3963385
u,1747718452.4718735
u,1747718452.5768616
n,1747718452.6773667
o,1747718452.753837
n,1747718452.806939
o,1747718452.8646624
s,1747718453.0767844
o,1747718453.1614492
u,1747718453.2629366
u,1747718453.3483224
g,1747718453.5242386
g,1747718453.6309745
e,1747718453.6320887
e,1747718453.7044845
n,1747718453.7482028
n,1747718453.823924
n,1747718453.9067788
n,1747718453.9763355
n,1747718454.0553055
n,1747718454.140603
i,1747718454.2639878
i,1747718454.375078
g,1747718455.4346783
o,1747718455.4941823
o,1747718455.5889962
r,1747718455.6482618
r,1747718455.7982628
o,1747718455.8012626
o,1747718455.9044507
r,1747718456.3849595
i,1747718456.4959562
i,1747718456.5812423
t,1747718456.8371649
t,1747718456.9594316
o,1747718456.9609976
o,1747718457.0687883
n,1747718457.2561846
n,1747718457.378002
e,1747718457.9709766
e,1747718458.0768192
k,1747718458.240882
o,1747718458.3103223
o,1747718458.4159703
r,1747718458.4179938
o,1747718458.4914994
o,1747718458.5860934
g,1747718458.8103628
g,1747718458.8919084
a,1747718458.9985242
t,1747718459.0695796
t,1747718459.1322527
t,1747718459.191367
t,1747718459.287521
a,1747718459.2885191
a,1747718459.3879821
a,1747718460.022617
a,1747718460.090235
a,1747718460.1777802
a,1747718460.2676814
a,1747718460.5610962
a,1747718460.6577365
n,1747718460.6998348
n,1747718460.7909732
a,1747718460.8022902
a,1747718460.8889353
t,1747718461.731354
a,1747718461.7997777
t,1747718461.8466113
a,1747718461.9458165
h,1747718462.2326555
a,1747718462.285154
h,1747718462.327511
a,1747718462.41388
o,1747718462.8844843
o,1747718462.9540045
s,1747718463.0916708
o,1747718463.1728833
o,1747718463.2740502
k,1747718463.423856
k,1747718463.5175028
a,1747718463.5357707
a,1747718463.6261215
t,1747718463.704565
t,1747718463.8133757
t,1747718463.883698
a,1747718463.8907197
a,1747718463.984151
a,1747718464.7063825
a,1747718464.8239431
s,1747718464.94024
s,1747718465.0254076
u,1747718465.0254076
u,1747718465.098875
o,1747718465.7525764
o,1747718465.8268332
o,1747718466.0456488
o,1747718466.1362765
m,1747718466.6378999
a,1747718466.7327337
a,1747718466.909036
e,1747718467.1814451
e,1747718467.323824
n,1747718467.3968225
o,1747718467.4767168
o,1747718467.5979433
k,1747718467.9033365
k,1747718468.012855
e,1747718468.0138848
e,1747718468.0814376
k,1747718468.1678789
k,1747718468.2305613
k,1747718468.2986634
k,1747718468.4099758
o,1747718468.534506
o,1747718468.6307678
n,1747718468.7328374
n,1747718468.8140059
n,1747718468.8789878
n,1747718468.9500031
s,1747718469.0148706
i,1747718469.0839546
i,1747718469.146971
k,1747718469.2807622
k,1747718469.3449621
i,1747718469.4352307
i,1747718469.5141964
w,1747718469.5605953
o,1747718469.6559901
o,1747718469.741194
a,1747718470.14366
a,1747718470.248729
g,1747718470.4691622
g,1747718470.5718894
e,1747718470.5728884
r,1747718470.6929717
u,1747718470.757504
u,1747718470.868725
h,1747718471.4772952
h,1747718471.5625088
a,1747718471.5635076
a,1747718471.6422725
n,1747718471.7080235
a,1747718471.7553065
a,1747718471.862256
s,1747718472.0019817
i,1747718472.088325
i,1747718472.2053056
t,1747718472.3838575
e,1747718472.457401
e,1747718472.5642166
o,1747718472.7880805
o,1747718472.8941085
i,1747718473.515287
i,1747718473.611824
t,1747718473.9636931
t,1747718474.0491903
e,1747718474.1186297
i,1747718474.3252804
i,1747718474.3803732
k,1747718474.9257689
u,1747718474.9890008
k,1747718475.044647
u,1747718475.11932
r,1747718475.1210144
e,1747718475.1987998
e,1747718475.334506
w,1747718476.1791794
a,1747718476.2688675
w,1747718476.3166234
a,1747718476.393121
t,1747718476.3941195
t,1747718476.4993293
a,1747718476.5003333
a,1747718476.6159146
s,1747718476.617564
s,1747718476.7426841
i,1747718476.8504975
i,1747718476.914311
m,1747718477.6590183
a,1747718477.758823
m,1747718477.780105
a,1747718477.8957965
h,1747718478.1151161
a,1747718478.2101243
a,1747718478.3174825
m,1747718478.5262241
m,1747718478.6113179
a,1747718478.6253471
a,1747718478.7206447
d,1747718478.8468468
d,1747718478.9165118
e,1747718479.0151553
e,1747718479.0909324
k,1747718479.3059325
k,1747718479.4084318
e,1747718479.4099627
e,1747718479.5070825
t,1747718479.6650093
a,1747718479.7186263
t,1747718479.7770867
a,1747718479.8520348
n,1747718479.933873
o,1747718480.0027378
o,1747718480.1270945
d,1747718480.1790104
d,1747718480.2581842
a,1747718480.376213
a,1747718480.4869108
i,1747718481.1731524
i,1747718481.26333
k,1747718481.378341
o,1747718481.4313872
u,1747718481.5075502
u,1747718481.6508698
m,1747718482.2656279
m,1747718482.3771744
e,1747718482.3792555
e,1747718482.4627776
r,1747718482.4922862
o,1747718482.6012557
o,1747718482.6905413
s,1747718482.850718
u,1747718482.9299064
s,1747718482.972344
u,1747718483.0105069
h,1747718483.1707804
a,1747718483.2515743
a,1747718483.3904133
m,1747718483.5272415
m,1747718483.6184158
u,1747718483.7444072
u,1747718483.8293912
r,1747718483.8591237
a,1747718483.9332736
a,1747718484.0549884
n,1747718484.0566688
o,1747718484.1296203
o,1747718484.2206125
g,1747718484.590549
g,1747718484.6812985
o,1747718484.682336
o,1747718484.7448173
b,1747718484.9128773
b,1747718485.0078912
o,1747718485.0385997
o,1747718485.128958
k,1747718485.198915
u,1747718485.3206336
u,1747718485.4259179
z,1747718485.8414485
i,1747718485.932749
i,1747718486.0150387
n,1747718486.04361
n,1747718486.1286347
d,1747718486.2346005
d,1747718486.314556
e,1747718486.3948562
e,1747718486.4637353
a,1747718486.6229188
r,1747718486.7549732
u,1747718486.824242
u,1747718486.9308558
s,1747718487.6078303
o,1747718487.6715171
u,1747718487.742215
u,1747718487.849159
n,1747718488.002644
a,1747718488.088038
a,1747718488.1944623
t,1747718488.2468312
t,1747718488.3125167
t,1747718488.3597589
t,1747718488.439971
a,1747718488.441202
r,1747718488.6292903
r,1747718488.7771747
a,1747718488.778237
a,1747718488.8724554
w,1747718489.2287314
a,1747718489.2925289
w,1747718489.3673
a,1747718489.4224694
t,1747718489.4256916
a,1747718489.521273
a,1747718489.6495748
s,1747718489.778994
s,1747718489.8963747
i,1747718489.897398
i,1747718489.9548879
h,1747718490.023056
a,1747718490.1119323
a,1747718490.2509413
s,1747718490.4602978
s,1747718490.5722067
i,1747718490.5732305
i,1747718490.646792
n,1747718490.802961
n,1747718490.8774195
u,1747718490.97739
u,1747718491.0733154
y,1747718491.2390807
y,1747718491.3250942
o,1747718491.326091
o,1747718491.4314284
r,1747718491.5406735
i,1747718491.621523
i,1747718491.7101917
t,1747718491.9316661
u,1747718492.0115259
u,1747718492.1071591
r,1747718492.375344
i,1747718492.4765568
a,1747718492.480558
i,1747718492.550072
y,1747718493.573259
y,1747718493.64107
u,1747718493.7282288
u,1747718493.8315103
r,1747718493.9340038
u,1747718494.0350947
u,1747718494.1317601
s,1747718494.2417576
e,1747718494.311091
s,1747718494.3770761
e,1747718494.435535
t,1747718494.5337756
t,1747718494.6411383
o,1747718494.6411383
o,1747718494.7357638
k,1747718495.0729368
u,1747718495.137799
u,1747718495.2374341
t,1747718495.2554655
t,1747718495.338547
i,1747718495.3589613
i,1747718495.4138997
g,1747718495.7418368
g,1747718495.8426955
u,1747718495.8436935
u,1747718495.937712
t,1747718496.6304166
t,1747718496.731069
i,1747718496.7472763
n,1747718496.849774
n,1747718496.9562154
i,1747718496.9820654
i,1747718497.0726259
w,1747718497.397724
a,1747718497.4763987
w,1747718497.5400546
a,1747718497.5981407
m,1747718497.662562
m,1747718497.7630134
e,1747718497.7649934
e,1747718497.8385644
i,1747718497.8688767
i,1747718497.9798462
t,1747718498.032031
a,1747718498.1001925
a,1747718498.2425044
s,1747718498.9023712
o,1747718498.9870515
o,1747718499.0716507
n,1747718499.167216
o,1747718499.236405
o,1747718499.347407
i,1747718499.4957037
i,1747718499.5163403
h,1747718499.72562
h,1747718499.8353057
i,1747718499.8368316
t,1747718499.9078166
t,1747718500.010226
o,1747718500.011224
o,1747718500.1473565
w,1747718500.272608
w,1747718500.405033
o,1747718500.4099143
o,1747718500.4918017
k,1747718500.745158
o,1747718500.8042862
o,1747718500.929887
r,1747718500.9309344
r,1747718501.0409229
o,1747718501.1852996
o,1747718501.3028486
s,1747718501.5927055
i,1747718501.6770635
i,1747718501.8053203
t,1747718501.8063617
e,1747718501.8793013
e,1747718501.9876385
h,1747718502.3791373
h,1747718502.5025332
a,1747718502.5035834
a,1747718502.598315
n,1747718502.8827102
n,1747718502.984082
a,1747718502.985775
a,1747718503.1164827
r,1747718503.1477947
a,1747718503.2490554
a,1747718503.3709824
n,1747718503.6378136
n,1747718503.7327356
u,1747718503.8235354
u,1747718503.918816
m,1747718504.5970206
m,1747718504.7072008
a,1747718504.7091584
a,1747718504.7921343
a,1747718504.907793
a,1747718505.0129902
d,1747718505.0740025
d,1747718505.2065861
a,1747718505.2075772
a,1747718505.3175948
h,1747718505.6879764
h,1747718505.788816
i,1747718505.9030418
i,1747718506.017787
m,1747718506.3520439
a,1747718506.4267695
m,1747718506.4479482
a,1747718506.5301468
s,1747718506.7188337
s,1747718506.8241491
h,1747718508.8787649
h,1747718508.9470737
i,1747718508.9718347
i,1747718509.0311954
a,1747718510.1996055
a,1747718510.2901275
s,1747718510.654492
i,1747718510.7240667
i,1747718510.808303
m,1747718511.2858415
m,1747718511.3549929
z,1747718511.6954293
u,1747718511.8141508
z,1747718511.8663929
u,1747718511.8873901
m,1747718512.0680645
m,1747718512.1702201
a,1747718512.2013116
a,1747718512.3190265
n,1747718512.4710376
n,1747718512.546179
u,1747718512.6422825
u,1747718512.727389
w,1747718513.3700202
a,1747718513.4601583
w,1747718513.5126429
a,1747718513.58521
t,1747718513.6035526
a,1747718513.6794724
a,1747718513.7693577
i,1747718513.98595
s,1747718514.049261
s,1747718514.1407306
i,1747718515.0730045
i,1747718515.1301308
h,1747718515.4695196
a,1747718515.5372005
a,1747718515.6665983
m,1747718515.9338763
m,1747718516.0204813
a,1747718516.0214815
a,1747718516.157461
k,1747718516.4280133
k,1747718516.5439904
e,1747718516.5637288
e,1747718516.6743925
t,1747718516.8448453
a,1747718516.9031506
t,1747718516.9514318
a,1747718517.0204713
n,1747718517.095794
n,1747718517.1723738
o,1747718517.2800803
d,1747718517.366143
a,1747718517.4406867
a,1747718517.5743742
k,1747718518.571437
o,1747718518.642851
k,1747718518.6859107
o,1747718518.7489316
n,1747718519.3497474
n,1747718519.419276
d,1747718519.5144322
d,1747718519.6208024
o,1747718519.623829
o,1747718519.6808813
h,1747718519.9026775
h,1747718519.9884393
a,1747718519.99046
a,1747718520.0934021
m,1747718520.4935176
e,1747718520.5678227
e,1747718520.6645207
r,1747718520.685966
r,1747718520.819072
o,1747718520.865818
o,1747718520.9645343
s,1747718521.4579403
u,1747718521.5256002
s,1747718521.5733418
u,1747718521.6275184
g,1747718521.8431184
a,1747718521.9068751
a,1747718522.019816
t,1747718522.2279782
y,1747718522.3054802
o,1747718522.3853986
u,1747718522.4646876
u,1747718522.5712278
s,1747718523.0422885
s,1747718523.1813242
y,1747718523.6529593
o,1747718523.7229028
u,1747718523.8141482
u,1747718523.9205813
s,1747718524.0623145
s,1747718524.1577888
i,1747718524.1587906
i,1747718524.2326453
t,1747718524.2336483
a,1747718524.2838821
a,1747718524.4170575
u,1747718525.3031688
u,1747718525.3908286
n,1747718525.5232065
n,1747718525.576213
g,1747718525.8665137
g,1747718525.95112
u,1747718525.9521263
u,1747718526.0145483
n,1747718526.1620493
n,1747718526.226974
n,1747718526.350365
n,1747718526.3988578
s,1747718526.5148292
s,1747718526.6059463
h,1747718526.606923
h,1747718526.653857
u,1747718526.7189662
u,1747718526.790338
u,1747718526.8406894
u,1747718526.9468532
y,1747718527.237256
y,1747718527.322446
u,1747718527.4071348
u,1747718527.5140216
u,1747718527.5731187
u,1747718527.6738527
h,1747718527.8415217
a,1747718527.9050798
a,1747718528.0270808
d,1747718528.1561937
d,1747718528.2622142
o,1747718528.2632234
o,1747718528.3411026
y,1747718528.6163468
o,1747718528.674433
o,1747718528.798066
m,1747718528.8917148
m,1747718529.0100663
e,1747718529.0112226
e,1747718529.0779827
i,1747718529.2235436
i,1747718529.3351529
t,1747718529.4096427
a,1747718529.4909644
a,1747718529.6168022
y,1747718530.2849617
y,1747718530.3583868
u,1747718530.452745
u,1747718530.5420856
r,1747718530.5910392
u,1747718530.6381767
r,1747718530.6973946
u,1747718530.7252467
s,1747718531.0348206
e,1747718531.1366777
e,1747718531.2539492
t,1747718531.357968
t,1747718531.452632
o,1747718531.4536524
o,1747718531.5315967
g,1747718531.8069246
g,1747718531.86907
k,1747718532.2865944
u,1747718532.3598356
u,1747718532.4578648
t,1747718532.485311
t,1747718532.592737
i,1747718532.5947402
i,1747718532.6820133
g,1747718533.3382604
u,1747718533.4175327
u,1747718533.5226173
t,1747718533.6088705
t,1747718533.719415
i,1747718533.7204075
i,1747718533.7836378
n,1747718533.8661804
n,1747718533.942886
i,1747718533.9858909
w,1747718534.313894
a,1747718534.4045825
a,1747718534.5136077
m,1747718534.5802255
m,1747718534.6869626
e,1747718534.6883926
e,1747718534.7613428
i,1747718534.792512
t,1747718534.8659222
t,1747718534.9746206
a,1747718534.97563
a,1747718535.1311011
h,1747718535.8117135
h,1747718535.894305
a,1747718535.912901
a,1747718535.997913
n,1747718536.0570753
n,1747718536.1207993
a,1747718536.196028
s,1747718536.3233643
i,1747718536.4299042
i,1747718536.5253391
t,1747718536.64339
a,1747718536.7016058
t,1747718536.7298164
a,1747718536.8081744
e,1747718537.3427312
e,1747718537.427214
o,1747718537.6590724
o,1747718537.7432606
i,1747718537.8660886
i,1747718537.959018
t,1747718538.0224147
e,1747718538.0858512
e,1747718538.1709354
k,1747718538.3021865
u,1747718538.3760338
r,1747718538.4343617
e,1747718538.4986203
e,1747718538.6105578
m,1747718539.3881853
e,1747718539.4675362
e,1747718539.5481138
r,1747718539.5852299
o,1747718539.6607466
o,1747718539.7557614
s,1747718540.105757
s,1747718540.2328312
u,1747718540.2338288
u,1747718540.3231456
h,1747718540.6596084
a,1747718540.7287867
a,1747718540.8614752
o,1747718541.131386
u,1747718541.2073388
o,1747718541.2707672
u,1747718541.3342311
n,1747718541.462616
o,1747718541.547138
o,1747718541.6595705
m,1747718541.814936
m,1747718541.900085
a,1747718541.9470522
e,1747718542.026095
e,1747718542.1488283
n,1747718542.3253465
i,1747718542.3778617
i,1747718542.4902701
h,1747718542.9693778
h,1747718543.0535667
i,1747718543.055882
i,1747718543.1352885
d,1747718543.266457
d,1747718543.3358407
e,1747718543.4225085
e,1747718543.496348
k,1747718543.7356899
k,1747718543.7946804
i,1747718543.8982942
i,1747718543.98211
d,1747718544.1180227
a,1747718544.2028098
a,1747718544.3250186
s,1747718544.8458915
a,1747718544.9955769
s,1747718545.102136
a,1747718545.1291435
r,1747718545.204743
e,1747718545.274595
e,1747718545.370798
t,1747718545.4450967
t,1747718545.529244
a,1747718545.6148229
m,1747718546.58031
m,1747718546.6809318
e,1747718546.682934
e,1747718546.7716815
r,1747718546.7897756
r,1747718546.8859386
o,1747718547.245156
o,1747718547.3624566
s,1747718547.6316178
u,1747718547.7067611
u,1747718547.788853
n,1747718547.9636078
n,1747718548.0723681
h,1747718548.2290506
h,1747718548.3198936
a,1747718548.3198936
a,1747718548.4563396
o,1747718548.6779897
u,1747718548.7681003
u,1747718548.874493
n,1747718548.9863744
o,1747718549.077413
o,1747718549.185555
m,1747718549.3525352
m,1747718549.433525
a,1747718549.4594479
a,1747718549.5499718
e,1747718549.6040046
e,1747718549.7390728
n,1747718549.8824284
i,1747718549.9524257
i,1747718550.0526798
h,1747718550.5342724
i,1747718550.608416
h,1747718550.6553817
i,1747718550.7094839
k,1747718550.8364725
k,1747718550.8899062
i,1747718550.966052
i,1747718551.0529826
d,1747718551.1697211
a,1747718551.2587874
a,1747718551.360493
s,1747718551.42627
a,1747718551.538545
s,1747718551.5850751
a,1747718551.6544545
r,1747718551.82562
e,1747718551.885622
r,1747718551.9385488
e,1747718552.0027618
t,1747718552.0697467
a,1747718552.2563734
w,1747718553.2347682
a,1747718553.3513632
w,1747718553.4080296
a,1747718553.4506855
k,1747718553.6943285
k,1747718553.7683175
a,1747718553.80481
a,1747718553.90307
i,1747718553.9536393
i,1747718554.0172117
s,1747718554.331881
s,1747718554.4226143
h,1747718554.4526875
h,1747718554.4948947
y,1747718554.7816868
y,1747718554.8468192
u,1747718554.9145434
u,1747718554.9696398
u,1747718555.0212765
u,1747718555.0967915
h,1747718555.3383505
h,1747718555.443539
a,1747718555.4675558
a,1747718555.5519638
k,1747718556.4304361
u,1747718556.5264466
u,1747718556.6110113
b,1747718556.729089
i,1747718556.8081448
i,1747718556.8664627
w,1747718557.012774
o,1747718557.1135402
o,1747718557.21392
h,1747718558.232228
h,1747718558.3043213
u,1747718558.468376
u,1747718558.552758
t,1747718558.6769664
t,1747718558.7978408
e,1747718558.8867471
e,1747718558.9813807
o,1747718559.6370115
o,1747718559.7108383
k,1747718559.9662411
k,1747718560.0332792
o,1747718560.1237967
t,1747718560.1772518
a,1747718560.2558472
a,1747718560.3815954
e,1747718560.5972815
e,1747718560.6889994
n,1747718560.7372973
n,1747718560.8383455
a,1747718560.8556855
a,1747718560.9568868
k,1747718560.9938052
k,1747718561.1492693
a,1747718561.1502893
a,1747718561.238992
t,1747718561.36096
t,1747718561.4405348
t,1747718561.5139265
a,1747718561.5782607
a,1747718561.7058506
w,1747718562.4616282
w,1747718562.6219606
a,1747718562.6239767
a,1747718562.6849198
k,1747718562.9777603
k,1747718563.0744271
a,1747718563.0915544
i,1747718563.1767018
i,1747718563.2623086
t,1747718563.401882
t,1747718563.4809911
o,1747718563.4820044
o,1747718563.549587
k,1747718563.6651342
k,1747718563.7335846
i,1747718563.8322334
i,1747718563.911401
k,1747718564.064262
k,1747718564.1482291
a,1747718564.1806304
a,1747718564.3230758
r,1747718564.3270798
a,1747718564.4277976
a,1747718564.5394857
m,1747718564.6887329
m,1747718564.7740285
e,1747718564.7760456
e,1747718564.874228
i,1747718564.875144
i,1747718564.953347
y,1747718565.1147459
o,1747718565.184253
o,1747718565.2849677
w,1747718565.5580685
w,1747718565.6855247
o,1747718565.6875968
o,1747718565.7910156
m,1747718565.8955264
m,1747718566.002351
a,1747718566.2810032
a,1747718566.3986053
m,1747718566.5202103
o,1747718566.611287
o,1747718566.7223709
r,1747718566.7492306
e,1747718566.8557124
e,1747718566.9616246
w,1747718567.7386935
a,1747718567.8387945
a,1747718567.9504874
t,1747718567.9514942
t,1747718568.0623665
a,1747718568.063946
a,1747718568.1850283
s,1747718568.3404832
s,1747718568.4157062
i,1747718568.5352106
i,1747718568.6186285
h,1747718568.9350045
a,1747718569.0148768
a,1747718569.1534405
k,1747718569.2583046
o,1747718569.343367
o,1747718569.4571877
r,1747718569.497262
e,1747718569.5457563
e,1747718569.6465719
d,1747718569.935163
d,1747718570.0204642
b,1747718570.319614
b,1747718570.3983738
o,1747718570.4443343
o,1747718570.518736
h,1747718570.733049
o,1747718570.796135
h,1747718570.8342738
o,1747718570.9298606
d,1747718571.0654268
d,1747718571.1767657
o,1747718571.1777654
o,1747718571.2658398
d,1747718571.7087913
o,1747718571.7989626
o,1747718571.8685882
r,1747718571.985576
y,1747718572.071072
r,1747718572.1248136
o,1747718572.1258314
o,1747718572.2252784
k,1747718572.3491743
u,1747718572.4130113
u,1747718572.5315628
s,1747718572.6699097
s,1747718572.791186
i,1747718572.8107612
i,1747718572.9067883
a,1747718572.9229388
t,1747718572.949262
a,1747718573.050977
o,1747718573.1255622
n,1747718573.1520593
o,1747718573.237337
d,1747718573.6572068
a,1747718573.7478194
a,1747718573.8698227
m,1747718574.5591037
e,1747718574.6232224
m,1747718574.6811674
e,1747718574.7243655
r,1747718574.7253509
r,1747718574.8405285
o,1747718574.8425207
o,1747718574.952444
s,1747718575.2213097
u,1747718575.3066473
u,1747718575.3933165
h,1747718575.5514693
a,1747718575.6367476
a,1747718575.7597992
h,1747718576.0357661
a,1747718576.094646
a,1747718576.1959696
s,1747718576.2679672
i,1747718576.3686779
i,1747718576.4647536
r,1747718576.534399
r,1747718576.6503296
i,1747718576.6735883
i,1747718576.7589827
n,1747718576.9777298
n,1747718577.073316
a,1747718577.0753355
a,1747718577.201326
g,1747718577.305314
a,1747718577.3857024
a,1747718577.5189204
r,1747718577.566757
a,1747718577.6582253
a,1747718577.7953367
t,1747718578.3956301
t,1747718578.483399
a,1747718578.5700846
z,1747718578.709379
u,1747718578.79995
z,1747718578.8532667
u,1747718578.8795803
n,1747718579.0224214
e,1747718579.1203365
e,1747718579.2027378
t,1747718579.252151
a,1747718579.326697
a,1747718579.4417472
m,1747718580.1357732
m,1747718580.2520912
e,1747718580.254083
e,1747718580.3639581
r,1747718580.391638
o,1747718580.4670575
r,1747718580.514551
o,1747718580.5577497
k,1747718580.7354894
u,1747718580.8206062
u,1747718580.8740895
k,1747718580.8951051
s,1747718581.1042027
s,1747718581.2103457
u,1747718581.2113483
u,1747718581.2798023
n,1747718581.4027176
i,1747718581.4680526
i,1747718581.5855663
h,1747718581.9716258
h,1747718582.0618472
a,1747718582.0920117
a,1747718582.2085938
s,1747718582.4920583
e,1747718582.573772
i,1747718582.6551096
i,1747718582.7350872
j,1747718582.983839
i,1747718583.0487368
j,1747718583.079449
i,1747718583.127172
g,1747718583.2957556
a,1747718583.3758118
g,1747718583.4138293
a,1747718583.505975
z,1747718583.856837
i,1747718583.951784
z,1747718584.0059452
i,1747718584.032826
g,1747718584.1591625
a,1747718584.2236626
g,1747718584.2720559
a,1747718584.357274
w,1747718584.5889692
a,1747718584.664483
w,1747718584.7445924
a,1747718584.7932086
k,1747718584.9062836
k,1747718585.013351
a,1747718585.014369
a,1747718585.1183543
r,1747718585.1193838
a,1747718585.224735
a,1747718585.335626
n,1747718585.4704695
n,1747718585.5494943
u,1747718585.6499414
b,1747718586.6342998
a,1747718586.6922343
b,1747718586.7421043
n,1747718586.7842398
n,1747718586.8756268
z,1747718587.2947102
z,1747718587.4073613
i,1747718587.460332
a,1747718587.4991198
a,1747718587.6284137
n,1747718588.116934
n,1747718588.1963968
o,1747718588.209475
o,1747718588.2838845
o,1747718588.528417
u,1747718588.5957847
o,1747718588.641927
u,1747718588.7294638
i,1747718589.7945106
i,1747718589.8691816
o,1747718590.1323643
u,1747718590.2115014
u,1747718590.3287082
s,1747718590.6836884
a,1747718590.8144965
a,1747718590.9252188
m,1747718590.9270926
m,1747718591.031922
a,1747718591.0329385
a,1747718591.1166418
z,1747718591.2987359
z,1747718591.38341
a,1747718591.4754236
a,1747718591.5928993
n,1747718591.5939002
n,1747718591.6975594
b,1747718591.9519446
a,1747718592.0061963
b,1747718592.0638766
n,1747718592.0800345
n,1747718592.197207
z,1747718592.290035
z,1747718592.3952916
a,1747718592.4712253
a,1747718592.583882
i,1747718592.585206
m,1747718593.5435617
e,1747718593.6276317
e,1747718593.7570093
r,1747718593.75803
r,1747718593.870135
o,1747718594.5599322
o,1747718594.6659563
s,1747718594.8307502
u,1747718594.8991957
s,1747718594.955848
u,1747718595.0043375
h,1747718595.224897
a,1747718595.3219724
a,1747718595.438147
m,1747718595.6133032
m,1747718595.6867108
e,1747718595.7145462
e,1747718595.7960896
n,1747718595.8478408
i,1747718595.950517
i,1747718596.0412443
n,1747718596.400586
n,1747718596.5168989
a,1747718596.5178556
a,1747718596.6333396
m,1747718596.6630461
i,1747718596.7642217
m,1747718596.8174794
i,1747718596.8773668
d,1747718597.224206
a,1747718597.2998555
a,1747718597.4386134
w,1747718597.509933
o,1747718597.5792754
w,1747718597.6595397
o,1747718597.7020013
u,1747718598.0617542
u,1747718598.167847
k,1747718598.3859668
k,1747718598.4913173
a,1747718598.4923403
a,1747718598.607376
g,1747718598.7774544
g,1747718598.8811269
e,1747718599.2916806
e,1747718599.4504006
b,1747718600.010267
b,1747718600.106585
e,1747718600.214943
e,1747718600.3151836
t,1747718600.692062
e,1747718600.7563446
e,1747718600.8402984
i,1747718601.0275857
i,1747718601.077343
t,1747718601.1894517
t,1747718601.2732718
t,1747718601.3448124
a,1747718601.4144404
a,1747718601.5470724
w,1747718602.3168197
a,1747718602.413356
w,1747718602.4926054
a,1747718602.5514426
s,1747718602.6458695
s,1747718602.75737
u,1747718603.3263664
u,1747718603.4167356
r,1747718603.5375237
e,1747718603.6071918
e,1747718603.717544
t,1747718604.0661092
e,1747718604.1251338
e,1747718604.2257423
s,1747718604.394464
s,1747718604.5120451
i,1747718604.513073
m,1747718604.580874
m,1747718604.7131634
a,1747718604.7146974
a,1747718604.830407
e,1747718604.8540103
e,1747718604.9938874
n,1747718605.748552
a,1747718605.8010972
n,1747718605.8334367
a,1747718605.918186
n,1747718605.971707
i,1747718606.0565693
i,1747718606.1737764
w,1747718606.3057199
o,1747718606.3960433
o,1747718606.4864426
s,1747718606.5920424
u,1747718606.687789
u,1747718606.7520287
r,1747718606.7850428
u,1747718606.8440244
r,1747718606.9082112
u,1747718606.9092126
n,1747718607.0585134
n,1747718607.217201
o,1747718607.2181973
o,1747718607.349408
d,1747718607.5116599
a,1747718607.5977063
d,1747718607.6297505
a,1747718607.7152472
s,1747718608.5743499
o,1747718608.6430259
o,1747718608.727594
r,1747718608.7545347
r,1747718608.8701637
e,1747718608.8720982
e,1747718608.9496012
g,1747718609.137855
a,1747718609.206582
a,1747718609.3177154
n,1747718609.567932
n,1747718609.6221435
i,1747718609.6231236
i,1747718609.6897905
n,1747718609.7724493
n,1747718609.8682008
g,1747718610.2371442
e,1747718610.3021524
e,1747718610.3862553
n,1747718610.4409819
n,1747718610.526477
n,1747718610.6133046
n,1747718610.686575
s,1747718610.885769
s,1747718611.012545
e,1747718611.0398228
k,1747718611.1230743
k,1747718611.186865
a,1747718611.2197862
a,1747718611.305241
i,1747718611.3062382
i,1747718611.381251
n,1747718611.5155706
o,1747718611.5900166
o,1747718611.7009602
t,1747718612.2211213
t,1747718612.2913163
e,1747718612.3555257
i,1747718612.4335616
h,1747718613.2605836
h,1747718613.3396733
o,1747718613.3396733
u,1747718613.4299018
o,1747718613.4886405
u,1747718613.5471008
d,1747718613.618613
d,1747718613.6934178
e,1747718613.7813606
e,1747718613.8555112
h,1747718613.9099398
h,1747718614.0059803
a,1747718614.0069811
a,1747718614.1178625
n,1747718614.2881308
n,1747718614.3832781
a,1747718614.3842597
a,1747718614.4896948
k,1747718614.749297
k,1747718614.8500938
a,1747718614.8500938
a,1747718614.97274
t,1747718615.033003
t,1747718615.1028469
t,1747718615.1583126
a,1747718615.2018802
