a,1747718203.85352
a,1747718204.0076203
r,1747718204.3075879
e,1747718204.4272695
r,1747718204.4694319
e,1747718204.5772784
w,1747718206.266978
w,1747718206.337089
o,1747718206.433035
o,1747718206.5018065
h,1747718208.0766034
h,1747718208.1368256
i,1747718208.2368753
i,1747718208.3065164
t,1747718208.8166957
t,1747718208.8968837
o,1747718209.0567012
o,1747718209.1277397
z,1747718210.0062397
z,1747718210.0997267
i,1747718210.2304246
i,1747718210.2913845
t,1747718210.9231477
t,1747718211.008467
i,1747718211.193732
i,1747718211.2692676
t,1747718212.2441564
t,1747718212.284487
o,1747718212.4833078
o,1747718212.5549018
s,1747718213.897116
s,1747718213.9903774
i,1747718214.075887
i,1747718214.1391294
t,1747718214.439128
t,1747718214.4888403
e,1747718214.6960676
e,1747718214.7829916
k,1747718216.0634205
o,1747718216.1984537
k,1747718216.2398505
o,1747718216.2901316
k,1747718216.5456562
o,1747718216.6468554
k,1747718216.7213888
o,1747718216.7840295
n,1747718217.6044192
i,1747718217.7187235
n,1747718217.7866704
i,1747718217.835801
o,1747718218.6007798
o,1747718218.6846225
i,1747718218.8317132
i,1747718218.9011827
t,1747718219.3215358
t,1747718219.3996265
e,1747718219.5140803
e,1747718219.5698657
i,1747718220.9013598
i,1747718220.968833
k,1747718221.3292704
k,1747718221.418415
o,1747718221.5250897
o,1747718221.6095212
u,1747718221.8230817
u,1747718221.893694
k,1747718223.5026526
o,1747718223.5977387
k,1747718223.6426299
o,1747718223.7116678
n,1747718224.1416218
n,1747718224.2107663
n,1747718224.5120327
n,1747718224.6050577
d,1747718226.3967166
d,1747718226.4822145
o,1747718226.537062
o,1747718226.6160119
h,1747718227.3481972
h,1747718227.418538
a,1747718227.5257347
a,1747718227.6208973
m,1747718229.1692064
m,1747718229.2437172
e,1747718229.324385
e,1747718229.4092278
r,1747718229.6847482
r,1747718229.7337782
o,1747718229.8367007
o,1747718229.9052405
s,1747718230.3632956
s,1747718230.4324906
u,1747718230.5028393
u,1747718230.5922766
g,1747718232.5679598
g,1747718232.631583
a,1747718232.7128348
a,1747718232.7681787
t,1747718233.3911986
t,1747718233.4809244
y,1747718233.6344554
y,1747718233.7229521
o,1747718235.468701
o,1747718235.5302012
u,1747718235.7900643
u,1747718235.8703284
s,1747718236.3470566
s,1747718236.4369297
y,1747718236.99302
y,1747718237.0495992
o,1747718237.0925856
o,1747718237.150322
u,1747718237.326308
u,1747718237.3951633
s,1747718237.9998684
s,1747718238.1009996
i,1747718238.1019886
i,1747718238.1563506
t,1747718238.364045
t,1747718238.4342556
a,1747718238.506286
a,1747718238.5951774
m,1747718239.938497
m,1747718240.0019784
e,1747718240.0663674
e,1747718240.1500065
r,1747718240.373995
r,1747718240.4721286
o,1747718240.7135315
o,1747718240.7929008
s,1747718241.163263
s,1747718241.2253065
u,1747718241.2896113
u,1747718241.358282
h,1747718241.8592012
h,1747718241.9255013
a,1747718241.9915645
a,1747718242.07961
m,1747718243.4068274
m,1747718243.4951174
e,1747718243.618485
e,1747718243.697021
n,1747718244.0455296
i,1747718244.14514
n,1747718244.192068
i,1747718244.2391384
n,1747718244.4777737
n,1747718244.573497
a,1747718244.6263745
a,1747718244.6944032
m,1747718245.0414674
i,1747718245.1561089
m,1747718245.205237
i,1747718245.2800345
d,1747718245.700542
a,1747718245.7854214
d,1747718245.8492334
a,1747718245.9329576
w,1747718246.6156576
w,1747718246.6846251
o,1747718246.777137
o,1747718246.8316917
u,1747718247.4396906
u,1747718247.5161257
k,1747718247.6390784
k,1747718247.7479405
a,1747718247.7990172
a,1747718247.9022467
b,1747718248.1382642
b,1747718248.223764
e,1747718248.3073645
e,1747718248.3745136
t,1747718248.6602516
t,1747718248.730105
e,1747718248.8124285
e,1747718248.8816402
i,1747718249.2136574
i,1747718249.3047478
t,1747718249.5909626
t,1747718249.6563234
t,1747718249.7570717
t,1747718249.8198426
a,1747718249.8667228
a,1747718249.9456496
a,1747718251.2001507
a,1747718251.2822843
a,1747718251.3526156
a,1747718251.4303033
o,1747718253.3837183
o,1747718253.4413683
u,1747718253.6391592
u,1747718253.7044384
h,1747718254.587361
h,1747718254.6457121
a,1747718254.7097769
a,1747718254.777694
r,1747718256.8375673
r,1747718256.901117
i,1747718256.9921172
i,1747718257.0496435
k,1747718257.2049065
o,1747718257.3164556
k,1747718257.3517623
o,1747718257.4316523
u,1747718257.6907432
u,1747718257.7553728
d,1747718258.0963283
a,1747718258.213357
d,1747718258.2506702
a,1747718258.3288145
h,1747718259.5096242
h,1747718259.5838926
a,1747718259.625276
a,1747718259.723864
i,1747718259.9091702
i,1747718259.9702048
h,1747718261.3370492
h,1747718261.4310212
a,1747718261.5199203
a,1747718261.6237335
i,1747718261.6921828
i,1747718261.7420714
j,1747718262.1330137
i,1747718262.2556965
j,1747718262.3061557
i,1747718262.3524508
m,1747718262.7960136
m,1747718262.8911033
e,1747718263.1054888
e,1747718263.1853044
k,1747718264.821515
k,1747718264.863964
h,1747718265.9991715
h,1747718266.0753255
a,1747718266.1480944
a,1747718266.2195864
z,1747718269.1544921
z,1747718269.2472537
i,1747718269.2910519
i,1747718269.350557
m,1747718270.0689862
m,1747718270.1543884
e,1747718270.9105446
e,1747718270.9886923
h,1747718271.0862641
h,1747718271.1553087
a,1747718271.265842
a,1747718271.3726943
o,1747718273.2384982
o,1747718273.3128457
u,1747718273.4885497
u,1747718273.5529933
s,1747718273.933672
a,1747718274.0445673
s,1747718274.0978189
a,1747718274.1527214
m,1747718274.2251909
m,1747718274.3029644
a,1747718274.3530428
a,1747718274.432581
n,1747718276.0901277
o,1747718276.2033026
n,1747718276.248326
o,1747718276.3157322
i,1747718276.7698085
i,1747718276.8548045
m,1747718277.0459495
o,1747718277.1973274
m,1747718277.25424
o,1747718277.3217473
u,1747718277.696213
u,1747718277.765834
t,1747718278.2788556
t,1747718278.3358166
o,1747718278.3960104
o,1747718278.464953
m,1747718279.090055
m,1747718279.1999278
u,1747718279.3148184
u,1747718279.4096482
k,1747718279.5545495
o,1747718279.7053924
k,1747718279.7939126
o,1747718279.7958953
s,1747718280.1940062
a,1747718280.3098874
s,1747718280.3710217
a,1747718280.4355547
m,1747718280.5462003
m,1747718280.6138017
a,1747718280.6579447
a,1747718280.7150593
w,1747718281.5988538
w,1747718281.660634
o,1747718281.7115564
o,1747718281.7887414
m,1747718283.0068586
m,1747718283.0992637
a,1747718283.1249857
a,1747718283.1961155
d,1747718284.0035577
a,1747718284.1531444
d,1747718284.221562
a,1747718284.2539036
h,1747718284.507228
i,1747718284.6254735
h,1747718284.6586132
i,1747718284.7112048
h,1747718285.0768304
h,1747718285.1512568
a,1747718285.1988144
a,1747718285.278577
z,1747718286.3482988
z,1747718286.4243674
i,1747718286.515248
i,1747718286.5926785
z,1747718287.702173
z,1747718287.7879155
u,1747718287.8198612
u,1747718287.888857
s,1747718289.3114812
s,1747718289.3887665
i,1747718289.4249992
i,1747718289.4910457
z,1747718289.8407874
z,1747718289.929269
u,1747718289.9563682
u,1747718290.02368
m,1747718290.4745407
m,1747718290.5470374
a,1747718290.5969567
a,1747718290.66719
n,1747718290.776003
u,1747718290.944337
n,1747718291.0033631
u,1747718291.0659246
i,1747718292.1730232
i,1747718292.2485957
k,1747718292.428384
k,1747718292.4758887
k,1747718292.558666
k,1747718292.6705859
o,1747718292.6820307
o,1747718292.792981
k,1747718292.9623132
k,1747718293.0645323
u,1747718293.1743975
u,1747718293.2771819
t,1747718295.2624736
t,1747718295.325724
o,1747718295.3756716
o,1747718295.4445186
i,1747718295.8565502
i,1747718295.9227312
e,1747718296.0344284
e,1747718296.09175
d,1747718296.5946655
d,1747718296.6816847
o,1747718296.7953107
o,1747718296.9011052
m,1747718297.0792036
o,1747718297.2082999
m,1747718297.2786605
o,1747718297.3344326
m,1747718298.0682523
m,1747718298.1797986
u,1747718298.3070924
u,1747718298.3799586
d,1747718298.7261252
a,1747718298.8230867
d,1747718298.8833508
a,1747718298.964635
n,1747718299.1220455
i,1747718299.1883702
n,1747718299.2708437
i,1747718299.335388
h,1747718300.1703987
h,1747718300.2360644
a,1747718300.3174531
a,1747718300.4010973
d,1747718300.7627995
e,1747718300.8741293
d,1747718300.9084923
e,1747718300.9690473
k,1747718301.020235
k,1747718301.1057804
i,1747718301.1709187
i,1747718301.2610438
n,1747718301.9699388
n,1747718302.0271943
a,1747718302.0927165
a,1747718302.1565888
i,1747718302.2071385
i,1747718302.2788074
t,1747718303.8343525
t,1747718303.8897295
o,1747718304.143829
o,1747718304.2309043
b,1747718305.173765
b,1747718305.2331176
o,1747718305.2965283
o,1747718305.3500361
u,1747718305.4630253
u,1747718305.526786
k,1747718305.8507783
k,1747718305.9276874
u,1747718306.0399675
u,1747718306.1427357
n,1747718306.2395885
n,1747718306.309871
n,1747718306.3761654
n,1747718306.4730132
h,1747718307.6918943
h,1747718307.761533
a,1747718307.8062139
a,1747718307.910868
s,1747718309.4257472
s,1747718309.525482
a,1747718309.64271
a,1747718309.7432868
i,1747718312.2308173
i,1747718312.302781
w,1747718312.9065983
w,1747718312.9960425
a,1747718313.0972636
a,1747718313.1912813
g,1747718314.4134479
g,1747718314.4779413
a,1747718314.5263884
a,1747718314.58267
r,1747718314.787103
r,1747718314.9489133
e,1747718314.9489133
e,1747718315.0178616
t,1747718315.2595007
t,1747718315.316106
a,1747718315.3720732
a,1747718315.4412272
k,1747718316.28774
o,1747718316.3537102
k,1747718316.4030964
o,1747718316.4482894
e,1747718316.7745392
e,1747718316.8526318
d,1747718317.2021372
e,1747718317.3094459
d,1747718317.3355017
e,1747718317.4120717
h,1747718318.9027479
h,1747718318.9638572
i,1747718319.0224838
i,1747718319.080447
k,1747718319.2543418
k,1747718319.3487692
u,1747718319.460373
u,1747718319.5155625
k,1747718319.6825292
k,1747718319.7918696
u,1747718319.873176
u,1747718319.9831517
w,1747718320.6954088
w,1747718320.7820733
a,1747718320.894613
a,1747718321.0102954
r,1747718321.3262975
r,1747718321.3769584
a,1747718321.4268517
a,1747718321.493167
t,1747718321.6851418
t,1747718321.763231
t,1747718321.8112998
t,1747718321.872689
a,1747718321.9111612
a,1747718321.9845395
w,1747718323.3515444
w,1747718323.4427478
a,1747718323.5706577
a,1747718323.6730957
t,1747718323.8889537
t,1747718323.931564
a,1747718323.9745555
a,1747718324.0665276
s,1747718324.4230256
s,1747718324.4878743
i,1747718324.5539358
i,1747718324.6214726
h,1747718325.306179
h,1747718325.36531
a,1747718326.3530514
a,1747718326.4473653
y,1747718327.6801746
y,1747718327.7421641
a,1747718328.6153302
a,1747718328.7251103
k,1747718328.7821963
k,1747718328.8842714
u,1747718329.0075724
u,1747718329.0873318
s,1747718329.5286677
s,1747718329.5892878
o,1747718329.618714
o,1747718329.6727848
k,1747718329.7836428
k,1747718329.8561802
u,1747718329.9555814
u,1747718330.0467596
w,1747718330.5407026
w,1747718330.6106884
o,1747718330.6537325
o,1747718330.710779
m,1747718331.0774813
m,1747718331.1673884
a,1747718331.20498
a,1747718331.299842
m,1747718331.3549507
o,1747718331.4799619
m,1747718331.5290048
o,1747718331.599302
r,1747718332.4785402
r,1747718332.57578
i,1747718332.5767713
i,1747718332.6308863
m,1747718332.7272122
m,1747718332.8419733
a,1747718332.910997
a,1747718332.9463985
s,1747718333.4093843
s,1747718333.5281956
u,1747718333.623806
u,1747718333.7045038
d,1747718336.7864199
d,1747718336.837788
o,1747718336.8802304
o,1747718336.9542336
u,1747718337.1118035
u,1747718337.1756256
k,1747718337.3656666
k,1747718337.440168
a,1747718337.504588
a,1747718337.6083632
w,1747718339.1203861
w,1747718339.1948452
a,1747718339.3237736
a,1747718339.4158669
s,1747718339.5239325
s,1747718339.632117
i,1747718339.723719
i,1747718339.7971492
m,1747718340.0229843
o,1747718340.1212559
m,1747718340.1798337
o,1747718340.2338588
n,1747718340.5992987
n,1747718340.6792884
a,1747718340.7417943
a,1747718340.8196614
k,1747718340.8829489
k,1747718340.958441
w,1747718343.2261918
w,1747718343.291265
o,1747718343.3268769
o,1747718343.3787067
n,1747718344.1409547
n,1747718344.20226
a,1747718344.2642725
a,1747718344.3322248
k,1747718344.3695772
k,1747718344.4508898
a,1747718344.4922943
a,1747718344.5600872
m,1747718344.591979
m,1747718344.7002866
n,1747718345.1673965
i,1747718345.2203012
n,1747718345.293281
i,1747718345.3380308
i,1747718345.750122
i,1747718345.8221169
r,1747718345.9238105
e,1747718346.0205028
r,1747718346.0684907
e,1747718346.144109
t,1747718346.5058239
e,1747718346.6940134
t,1747718346.740922
e,1747718346.829828
r,1747718351.5634437
e,1747718351.7293544
r,1747718351.7919185
e,1747718351.8870738
k,1747718352.5594227
k,1747718352.6306305
u,1747718352.729072
u,1747718352.816749
m,1747718364.0129082
o,1747718364.1628695
m,1747718364.253552
o,1747718364.3169496
n,1747718365.116913
n,1747718365.2072706
a,1747718365.2472768
a,1747718365.3463686
k,1747718365.3793929
k,1747718365.4655037
a,1747718365.5146327
a,1747718365.6036422
m,1747718365.6618712
m,1747718365.7817235
a,1747718365.7959702
a,1747718365.8733802
n,1747718366.4211378
i,1747718366.5449953
n,1747718366.5869696
i,1747718366.6510243
i,1747718367.495038
i,1747718367.5623555
r,1747718367.8444471
e,1747718367.9334903
r,1747718367.999037
e,1747718368.064211
t,1747718368.638266
t,1747718368.7057815
e,1747718368.7873838
e,1747718368.85595
k,1747718369.1405854
k,1747718369.2180514
u,1747718369.3319056
u,1747718369.399631
r,1747718369.6959307
e,1747718369.8102436
r,1747718369.8593686
e,1747718369.9042857
m,1747718370.171463
m,1747718370.2344778
a,1747718370.3325903
a,1747718370.4442377
s,1747718370.5458784
s,1747718370.625767
i,1747718373.4372754
i,1747718373.5091927
k,1747718373.5898373
k,1747718373.6593592
a,1747718373.700261
a,1747718373.7756696
o,1747718375.645195
o,1747718375.7190397
y,1747718376.5488691
y,1747718376.620603
o,1747718376.6682575
o,1747718376.7356315
g,1747718377.5053813
g,1747718377.5644636
i,1747718377.6446543
i,1747718377.6723502
k,1747718378.0591013
k,1747718378.1339138
i,1747718378.2493079
i,1747718378.3114777
r,1747718379.2993395
r,1747718379.3638897
u,1747718379.408698
u,1747718379.4636686
y,1747718380.055635
y,1747718380.1270478
o,1747718380.1752565
o,1747718380.244403
r,1747718380.8903892
r,1747718380.9810681
i,1747718381.029093
i,1747718381.112039
h,1747718382.3890908
h,1747718382.4403834
o,1747718382.538204
o,1747718382.6067817
k,1747718382.7708385
k,1747718382.8451712
a,1747718382.9576337
a,1747718383.0657816
n,1747718383.131398
i,1747718383.261682
n,1747718383.3316655
i,1747718383.394772
n,1747718383.7173076
n,1747718383.8090138
a,1747718383.8513203
a,1747718383.9554398
i,1747718383.9725316
i,1747718384.0619535
a,1747718385.0858686
a,1747718385.1420538
a,1747718385.2030947
a,1747718385.301354
h,1747718386.3944974
i,1747718386.512875
h,1747718386.5532913
i,1747718386.602501
g,1747718386.825224
g,1747718386.914469
a,1747718386.9791918
a,1747718387.0675251
s,1747718387.5311964
s,1747718387.5975058
i,1747718387.6411607
i,1747718387.7265117
z,1747718388.2713592
z,1747718388.369811
u,1747718388.369811
u,1747718388.4194477
m,1747718388.6083057
m,1747718388.7034292
u,1747718388.788268
u,1747718388.892505
o,1747718390.455238
o,1747718390.568797
m,1747718390.5697236
o,1747718390.7077253
m,1747718390.7574477
o,1747718390.8046823
a,1747718392.2966478
a,1747718392.4156177
e,1747718393.2369974
e,1747718393.3064597
n,1747718393.3703465
i,1747718393.4806597
n,1747718393.5545654
i,1747718393.6033094
i,1747718394.5711188
i,1747718394.6263158
i,1747718394.6813755
i,1747718394.772366
t,1747718395.3328605
t,1747718395.4093401
a,1747718395.4716167
a,1747718395.5583081
i,1747718395.8256333
i,1747718395.8971486
n,1747718395.9919765
o,1747718396.1053603
n,1747718396.1603146
o,1747718396.20875
h,1747718396.5868196
h,1747718396.6598542
a,1747718396.7730212
a,1747718396.826745
s,1747718397.5878317
s,1747718397.659161
o,1747718397.7240503
o,1747718397.792269
r,1747718397.9757519
e,1747718398.050385
r,1747718398.1046658
e,1747718398.1864266
d,1747718398.6849985
a,1747718398.7971
d,1747718398.8522081
a,1747718398.930845
k,1747718399.0723453
k,1747718399.1621673
e,1747718399.4987745
e,1747718399.568356
d,1747718399.8838124
a,1747718400.0262783
d,1747718400.0764542
a,1747718400.163585
m,1747718401.5823147
m,1747718401.6341007
a,1747718401.7130635
a,1747718401.8095458
r,1747718402.1307213
e,1747718402.237802
r,1747718402.281661
e,1747718402.342614
g,1747718403.1992447
g,1747718403.2657938
e,1747718403.3165476
e,1747718403.3746204
s,1747718403.9369538
s,1747718404.0209258
e,1747718404.1274288
e,1747718404.1971586
n,1747718404.3106165
n,1747718404.3803835
n,1747718404.4478185
n,1747718404.5274608
m,1747718405.1289759
o,1747718405.2061348
m,1747718405.2605903
o,1747718405.3265436
n,1747718405.4420822
o,1747718405.4972754
n,1747718405.5757768
o,1747718405.6406372
s,1747718407.831716
a,1747718407.931693
s,1747718407.985499
a,1747718408.0478644
i,1747718408.4437294
i,1747718408.4898534
g,1747718409.1403973
g,1747718409.1984358
o,1747718409.2812383
o,1747718409.3643236
n,1747718410.217738
o,1747718410.3174195
n,1747718410.3621902
o,1747718410.4170084
s,1747718410.7656505
s,1747718410.846269
r,1747718411.6058788
r,1747718411.684227
y,1747718412.0948553
y,1747718412.1597526
o,1747718412.1849384
o,1747718412.2536426
k,1747718412.3512394
k,1747718412.436416
u,1747718412.5305605
u,1747718412.6314862
w,1747718413.3446686
w,1747718413.4114847
o,1747718413.4727857
o,1747718413.5519888
s,1747718417.2650094
s,1747718417.333322
i,1747718417.364716
i,1747718417.4615612
r,1747718419.0821686
r,1747718419.160179
y,1747718419.6438162
y,1747718419.7090223
o,1747718419.79159
o,1747718419.831304
k,1747718419.9600282
k,1747718420.0445135
u,1747718420.1584759
u,1747718420.2700891
w,1747718421.5129728
w,1747718421.5743468
o,1747718421.6372027
o,1747718421.7218428
t,1747718422.428353
t,1747718422.5052328
u,1747718422.5413773
u,1747718422.6217659
k,1747718422.7388346
k,1747718422.80844
u,1747718422.8904653
u,1747718422.9764395
s,1747718423.4049275
s,1747718423.5052218
i,1747718423.5159144
i,1747718423.5899794
t,1747718423.8148904
t,1747718423.883275
e,1747718423.932871
e,1747718424.0168455
m,1747718425.1877015
m,1747718425.2517304
e,1747718425.3173373
e,1747718425.4089804
r,1747718425.8297334
r,1747718425.9096372
o,1747718425.9953613
o,1747718426.0441153
s,1747718426.574482
s,1747718426.650047
u,1747718426.698765
u,1747718426.7828631
h,1747718427.0358162
h,1747718427.1391442
a,1747718427.1856842
a,1747718427.2445667
h,1747718427.5797439
h,1747718427.6278415
a,1747718427.7130613
a,1747718427.7785692
s,1747718427.9199774
s,1747718428.0205853
i,1747718428.0570774
i,1747718428.150956
t,1747718428.7216046
t,1747718428.7818694
t,1747718428.8307993
t,1747718428.915335
a,1747718428.960456
a,1747718429.0126917
h,1747718431.3037689
h,1747718431.3567834
o,1747718431.4236407
o,1747718431.489888
k,1747718432.5255978
k,1747718432.6003525
a,1747718432.6551666
a,1747718432.7275765
n,1747718432.9656315
i,1747718433.0869088
n,1747718433.1411407
i,1747718433.1862605
h,1747718433.8457274
h,1747718433.9267213
a,1747718433.970176
a,1747718434.084248
n,1747718434.5234442
n,1747718434.6643074
a,1747718434.7590792
a,1747718434.858278
n,1747718435.7795491
i,1747718435.8633595
n,1747718435.9158463
i,1747718435.9776404
m,1747718436.071907
o,1747718436.1959517
m,1747718436.2391233
o,1747718436.2947593
n,1747718436.7615995
n,1747718436.8287146
a,1747718436.890854
a,1747718436.960327
i,1747718437.0090408
i,1747718437.0986114
w,1747718438.1902668
w,1747718438.268419
a,1747718438.623679
a,1747718438.7249138
t,1747718439.1074195
t,1747718439.171256
a,1747718439.2195082
a,1747718439.299002
s,1747718439.6271422
s,1747718439.6914926
i,1747718439.72043
i,1747718439.799967
h,1747718439.9350028
h,1747718440.018733
a,1747718440.0831375
a,1747718440.1528125
t,1747718441.3648822
t,1747718441.4289677
y,1747718442.2015502
y,1747718442.2697716
u,1747718442.3458595
u,1747718442.4148436
u,1747718442.6188638
u,1747718442.6824758
t,1747718444.11498
t,1747718444.2031293
o,1747718444.2400584
o,1747718444.3210566
t,1747718445.61555
t,1747718445.7005012
y,1747718445.8265004
y,1747718445.8808897
u,1747718445.952111
u,1747718446.0041246
u,1747718446.0725827
u,1747718446.1368642
d,1747718446.8629963
e,1747718446.9665632
d,1747718447.0243766
e,1747718447.0894907
i,1747718449.1947138
i,1747718449.2662692
t,1747718449.6239202
t,1747718449.6848903
i,1747718449.7200506
i,1747718449.7601604
d,1747718450.448634
d,1747718450.5155222
o,1747718450.5652912
o,1747718450.6324475
w,1747718451.1494844
w,1747718451.2171588
a,1747718451.3165772
a,1747718451.4345677
r,1747718451.8424335
r,1747718451.910244
u,1747718451.9533763
u,1747718452.0272558
i,1747718452.107778
i,1747718452.191916
y,1747718452.8883936
y,1747718452.97099
u,1747718453.031576
u,1747718453.1194053
m,1747718453.4821079
m,1747718453.5571465
e,1747718453.5842211
e,1747718453.6482165
m,1747718454.1400921
o,1747718454.2219756
m,1747718454.2626798
o,1747718454.3143237
w,1747718455.511375
w,1747718455.5771155
o,1747718455.6334863
o,1747718455.702961
m,1747718456.41208
i,1747718456.5234797
m,1747718456.5464118
i,1747718456.6300611
t,1747718456.8955889
t,1747718456.9650333
a,1747718457.0028565
a,1747718457.068945
n,1747718459.495766
n,1747718459.5898232
a,1747718459.603923
a,1747718459.7204366
m,1747718459.9008183
m,1747718459.9910378
a,1747718460.0522518
a,1747718460.146138
i,1747718460.3681724
i,1747718460.4170272
k,1747718460.5298474
k,1747718460.6025362
i,1747718460.681731
i,1747718460.7682815
n,1747718460.847845
n,1747718460.9388242
a,1747718461.5703807
a,1747718461.6607766
k,1747718461.9178386
o,1747718462.0354483
k,1747718462.121093
o,1747718462.1532242
t,1747718462.9106576
t,1747718462.9726832
o,1747718463.0365252
o,1747718463.1373398
i,1747718464.0554607
i,1747718464.1325557
u,1747718464.2409043
u,1747718464.3426106
w,1747718464.802969
w,1747718464.8815513
a,1747718465.0075185
a,1747718465.1131856
i,1747718465.1765378
i,1747718465.294493
w,1747718467.502176
w,1747718467.5920243
o,1747718467.6227126
o,1747718467.7101057
i,1747718468.685883
i,1747718468.7498891
u,1747718468.8601313
u,1747718468.9315028
w,1747718469.2973769
w,1747718469.395531
a,1747718469.4925287
a,1747718469.6124787
i,1747718470.0195947
i,1747718470.0886421
w,1747718471.7505114
w,1747718471.8149352
a,1747718471.9373112
a,1747718472.0081987
k,1747718472.075223
k,1747718472.15302
a,1747718472.1807961
a,1747718472.2416785
i,1747718472.3376782
i,1747718472.4083276
s,1747718472.9520674
s,1747718473.0306444
y,1747718473.2667167
y,1747718473.3469296
u,1747718473.450623
u,1747718473.517476
u,1747718473.5907187
u,1747718473.6963713
h,1747718474.3914309
h,1747718474.4506576
a,1747718474.5166593
a,1747718474.6036634
k,1747718475.2929893
k,1747718475.3576033
u,1747718475.4700959
u,1747718475.5709045
b,1747718475.83617
b,1747718476.0287144
i,1747718476.2827544
i,1747718476.3642993
w,1747718476.944805
w,1747718477.016167
o,1747718477.0656848
o,1747718477.1523786
h,1747718478.8253746
h,1747718478.8879595
u,1747718478.933757
u,1747718478.9968948
t,1747718479.3842156
t,1747718479.4479227
t,1747718479.488822
t,1747718479.563699
e,1747718479.6391463
e,1747718479.715137
k,1747718480.333954
o,1747718480.449771
k,1747718480.4900086
o,1747718480.5384007
t,1747718480.798532
t,1747718480.8629134
a,1747718480.9146986
a,1747718481.0047977
e,1747718481.1717253
e,1747718481.244057
n,1747718481.610092
n,1747718481.7163968
a,1747718481.7383177
a,1747718481.830043
k,1747718482.4226549
k,1747718482.5199144
t,1747718482.8935926
t,1747718482.9634578
t,1747718483.0106344
t,1747718483.0949488
a,1747718483.126518
a,1747718483.2149732
t,1747718484.7673235
t,1747718484.9513652
a,1747718485.0253146
a,1747718485.1174157
m,1747718486.363712
m,1747718486.477596
a,1747718486.4846737
a,1747718486.6086125
d,1747718486.9805899
a,1747718487.0607293
d,1747718487.110282
a,1747718487.2093382
h,1747718487.8513732
h,1747718487.92039
i,1747718487.9850123
i,1747718488.0651712
h,1747718488.9980254
h,1747718489.066464
a,1747718489.1151726
a,1747718489.1999905
s,1747718489.9375203
s,1747718490.0006225
i,1747718490.0654192
i,1747718490.1336644
z,1747718490.5962236
z,1747718490.7010744
u,1747718490.7483292
u,1747718490.819407
m,1747718490.9968257
m,1747718491.0700119
a,1747718491.1340978
a,1747718491.2200558
n,1747718491.599256
u,1747718491.7205656
n,1747718491.762081
u,1747718491.8397093
k,1747718494.331552
k,1747718494.4214895
a,1747718494.4214895
a,1747718494.5308428
r,1747718495.1856306
r,1747718495.2435079
a,1747718495.323135
a,1747718495.43535
d,1747718495.551647
a,1747718495.6628556
d,1747718495.7055914
a,1747718495.7936294
h,1747718497.93973
h,1747718498.005721
i,1747718498.6927009
i,1747718498.7643788
r,1747718498.9720724
r,1747718499.0390697
o,1747718499.1036258
o,1747718499.1601167
u,1747718499.3330688
u,1747718499.43162
s,1747718503.551396
s,1747718503.641089
u,1747718503.6696792
u,1747718503.7691598
r,1747718504.0844123
e,1747718504.1759627
r,1747718504.2309012
e,1747718504.316735
s,1747718512.1033978
s,1747718512.184284
e,1747718512.2904038
e,1747718512.3835232
b,1747718513.275249
b,1747718513.3532698
a,1747718513.412073
a,1747718513.5002706
s,1747718513.8773756
s,1747718513.954456
e,1747718514.0761652
e,1747718514.1565793
s,1747718515.7158394
s,1747718515.835369
e,1747718515.9827745
e,1747718516.057243
i,1747718516.1847394
i,1747718516.2912023
s,1747718516.6236892
s,1747718516.7146945
i,1747718516.7443228
i,1747718516.8167748
n,1747718516.8942835
n,1747718516.9788
n,1747718517.0489812
n,1747718517.1110015
m,1747718517.5790284
o,1747718517.6755025
m,1747718517.7176619
o,1747718517.780461
n,1747718522.5632038
i,1747718522.6463802
n,1747718522.6730034
i,1747718522.7457154
t,1747718525.5676997
t,1747718525.6284702
o,1747718525.6766918
o,1747718525.7447712
n,1747718528.0279975
i,1747718528.127431
n,1747718528.1496878
i,1747718528.224428
n,1747718529.7905638
n,1747718529.904863
m,1747718531.0410051
m,1747718531.1593509
o,1747718532.9198625
o,1747718533.1745498
n,1747718533.2530332
n,1747718533.3656442
n,1747718533.927581
i,1747718534.0302153
n,1747718534.069535
i,1747718534.1392767
y,1747718534.563341
y,1747718534.6379282
a,1747718534.7344875
a,1747718534.820978
r,1747718534.820978
r,1747718534.8738203
a,1747718534.9915817
a,1747718535.0550027
r,1747718535.4662204
e,1747718535.5521605
r,1747718535.6117108
e,1747718535.6801453
r,1747718536.1424544
r,1747718536.1947036
u,1747718536.234922
u,1747718536.3075013
s,1747718537.507342
s,1747718537.58837
i,1747718537.6200635
i,1747718537.7033935
n,1747718537.8011892
n,1747718537.8554869
n,1747718537.91962
n,1747718537.9700515
z,1747718538.9094024
z,1747718539.0210803
i,1747718539.0554664
i,1747718539.1306505
t,1747718539.7076147
t,1747718539.7666419
e,1747718539.804046
e,1747718539.8834152
h,1747718540.1438344
h,1747718540.2030733
a,1747718540.2662063
a,1747718540.3369908
n,1747718540.7496328
n,1747718540.8175712
a,1747718540.8662684
a,1747718540.937709
r,1747718541.1625679
r,1747718541.2663932
a,1747718541.3782527
a,1747718541.504962
n,1747718541.6486604
n,1747718541.7094617
u,1747718541.9126196
u,1747718542.0163832
s,1747718543.2302275
s,1747718543.3134873
o,1747718543.3294897
o,1747718543.3991961
u,1747718543.5258443
u,1747718543.604897
d,1747718543.8518057
e,1747718543.9634707
d,1747718544.002599
e,1747718544.0553045
s,1747718544.4582374
s,1747718544.5191238
u,1747718544.5687497
u,1747718544.6543508
o,1747718545.8333495
o,1747718545.9287114
u,1747718546.0497756
u,1747718546.134489
s,1747718546.3153787
a,1747718546.4325628
s,1747718546.4847367
a,1747718546.5432146
m,1747718546.6136987
m,1747718546.6849365
a,1747718546.7496467
a,1747718546.83509
h,1747718547.2613964
h,1747718547.3448243
a,1747718547.4161348
a,1747718547.4646108
h,1747718548.6400208
h,1747718548.6911194
i,1747718548.8044224
i,1747718548.8747847
t,1747718549.4787927
t,1747718549.5315866
o,1747718549.588956
o,1747718549.6440465
w,1747718550.2092254
w,1747718550.281852
o,1747718550.328566
o,1747718550.3990376
k,1747718550.5713713
o,1747718550.6675644
k,1747718550.7343163
o,1747718550.78505
r,1747718551.2017226
r,1747718551.262184
o,1747718551.3824468
o,1747718551.4815354
s,1747718551.8924797
s,1747718551.991827
i,1747718552.005069
i,1747718552.0795894
m,1747718552.1408408
m,1747718552.2606661
a,1747718552.2606661
a,1747718552.3505678
s,1747718552.4576604
s,1747718552.557479
u,1747718552.5776684
u,1747718552.6623209
w,1747718553.8325765
w,1747718553.9224463
a,1747718554.040246
a,1747718554.138453
t,1747718554.836168
t,1747718554.9107563
a,1747718554.9521687
a,1747718555.0415516
s,1747718555.733641
s,1747718555.807769
i,1747718555.8294673
i,1747718555.896464
h,1747718556.0350459
h,1747718556.1368027
a,1747718556.1644962
a,1747718556.2331786
k,1747718557.4545295
o,1747718557.5715537
k,1747718557.6330016
o,1747718557.6957417
y,1747718558.8050823
y,1747718558.8739955
o,1747718558.9355025
o,1747718558.9901717
i,1747718559.087319
i,1747718559.1451855
k,1747718559.3006861
o,1747718559.4278483
k,1747718559.4811103
o,1747718559.5340319
r,1747718559.8376496
r,1747718559.9172828
o,1747718559.9904537
o,1747718560.0612829
s,1747718560.4572403
a,1747718560.5745797
s,1747718560.6418164
a,1747718560.7058835
r,1747718561.0550597
e,1747718561.1411011
r,1747718561.18502
e,1747718561.2650175
r,1747718561.374082
r,1747718561.490798
u,1747718561.5666413
u,1747718561.676391
n,1747718562.412186
n,1747718562.4880693
a,1747718562.5599082
a,1747718562.6341736
n,1747718562.683911
n,1747718562.7342973
n,1747718562.8010643
n,1747718562.8824604
d,1747718563.1972187
e,1747718563.2662692
d,1747718563.3204987
e,1747718563.414673
m,1747718563.500738
o,1747718563.611294
m,1747718563.6721704
o,1747718563.724544
n,1747718563.8729775
n,1747718563.9516225
a,1747718563.984326
a,1747718564.0700815
i,1747718564.1161911
i,1747718564.190194
d,1747718564.4450219
e,1747718564.5094774
d,1747718564.5811827
e,1747718564.6293008
s,1747718565.057902
s,1747718565.1299338
u,1747718565.1608903
u,1747718565.2284973
a,1747718566.8638148
a,1747718566.9531276
n,1747718567.0013196
o,1747718567.151267
n,1747718567.2194698
o,1747718567.2824829
k,1747718567.449842
k,1747718567.5501533
a,1747718567.5941336
a,1747718567.6938078
t,1747718568.6340365
t,1747718568.7188416
a,1747718568.7515538
a,1747718568.828774
h,1747718569.3974085
h,1747718569.4512606
a,1747718569.4700959
a,1747718569.58413
a,1747718570.399922
a,1747718570.4921257
n,1747718570.760844
n,1747718570.822268
a,1747718570.8844998
a,1747718570.9896996
t,1747718571.4272633
t,1747718571.475877
a,1747718571.534467
a,1747718571.623078
w,1747718572.0115533
w,1747718572.09521
o,1747718572.1391122
o,1747718572.1973445
s,1747718573.4080613
s,1747718573.492353
i,1747718573.5271058
i,1747718573.6108315
n,1747718573.7216911
n,1747718573.7601259
n,1747718573.8323567
n,1747718573.8920856
z,1747718574.6520398
z,1747718574.7301185
i,1747718574.750872
i,1747718574.8351297
t,1747718575.9467678
t,1747718576.0036073
e,1747718576.0530143
e,1747718576.1198897
o,1747718577.572715
o,1747718577.682522
r,1747718577.725514
r,1747718577.8130395
i,1747718577.901344
i,1747718578.0039399
m,1747718578.3928244
m,1747718578.4770715
a,1747718579.3259664
a,1747718579.440861
s,1747718579.440861
s,1747718579.5499976
i,1747718579.5754898
i,1747718579.6779408
t,1747718579.8816245
t,1747718579.9357226
a,1747718579.9876924
a,1747718580.0673993
a,1747718581.162126
a,1747718581.2856896
r,1747718581.7339616
r,1747718581.7983167
i,1747718581.842997
i,1747718581.8985164
g,1747718582.3797948
g,1747718582.4479024
a,1747718582.4878056
a,1747718582.5570884
t,1747718582.9071817
t,1747718582.9837654
o,1747718583.0329916
o,1747718583.0876927
u,1747718583.2285142
u,1747718583.3111534
t,1747718584.3005617
t,1747718584.3504057
o,1747718584.4328392
o,1747718584.5005658
m,1747718584.6608646
o,1747718584.7803812
m,1747718584.8468668
o,1747718584.9120378
y,1747718585.8083909
y,1747718585.8705633
o,1747718585.9301264
o,1747718586.032722
a,1747718587.086195
a,1747718587.143686
a,1747718587.2088337
a,1747718587.2898002
h,1747718588.2242203
h,1747718588.309796
i,1747718588.4378834
i,1747718588.5315776
g,1747718588.8422143
g,1747718588.9273515
a,1747718588.9534264
a,1747718589.0458775
s,1747718589.8137984
s,1747718589.9001396
i,1747718589.958427
i,1747718590.043949
z,1747718590.3360493
z,1747718590.448947
u,1747718590.4896462
u,1747718590.5582502
m,1747718590.668223
m,1747718590.819309
u,1747718590.918643
u,1747718590.987064
w,1747718592.5662842
w,1747718592.6364696
a,1747718592.7581213
a,1747718592.8734097
t,1747718593.0740836
t,1747718593.1530554
a,1747718593.1852632
a,1747718593.2635539
s,1747718593.7185805
s,1747718593.7813385
r,1747718594.2468247
r,1747718594.3173323
i,1747718594.390305
i,1747718594.4661362
h,1747718594.5816247
h,1747718594.6720395
a,1747718594.6979249
a,1747718594.7707136
o,1747718596.5689428
o,1747718596.6529746
u,1747718596.8224216
u,1747718596.9188428
n,1747718597.1826806
o,1747718597.2869208
n,1747718597.3376193
o,1747718597.4009216
h,1747718598.3864756
h,1747718598.4374423
i,1747718598.6874313
i,1747718598.752129
r,1747718599.1029887
e,1747718599.1639256
r,1747718599.2430258
e,1747718599.3383038
t,1747718599.5033982
t,1747718599.5968275
u,1747718599.6474621
u,1747718599.718039
w,1747718600.8873115
w,1747718600.963139
o,1747718600.9823658
o,1747718601.0515382
n,1747718601.4930267
i,1747718601.6081984
n,1747718601.6452148
i,1747718601.7081957
k,1747718602.2525194
k,1747718602.342561
k,1747718602.372928
k,1747718602.3907788
u,1747718602.4231992
u,1747718602.5247116
n,1747718602.809997
n,1747718602.8931186
n,1747718602.939069
n,1747718603.0102315
d,1747718603.7609334
a,1747718603.9121182
d,1747718603.9622126
a,1747718604.0213695
m,1747718605.4464393
m,1747718605.5802166
i,1747718605.5802166
i,1747718605.6753695
e,1747718606.0654702
e,1747718606.145663
r,1747718606.278183
r,1747718606.3369515
u,1747718606.4300282
u,1747718606.4868078
m,1747718608.3840458
m,1747718608.4490926
a,1747718608.5089724
a,1747718608.5776966
m,1747718608.6270342
m,1747718608.679139
a,1747718608.7140877
a,1747718608.794128
n,1747718609.4791315
n,1747718609.557416
a,1747718609.590784
a,1747718609.7021143
r,1747718611.3582258
r,1747718611.4479945
a,1747718611.5658407
a,1747718611.6771295
n,1747718611.8065085
u,1747718611.999576
n,1747718612.0418327
u,1747718612.13616
k,1747718614.4998603
o,1747718614.6343484
k,1747718614.6689847
o,1747718614.733183
t,1747718615.87019
t,1747718615.9460201
o,1747718615.9994755
o,1747718616.0655594
t,1747718616.8388054
t,1747718616.9031029
e,1747718616.9684741
e,1747718617.0532277
a,1747718617.8410146
a,1747718617.9425373
r,1747718618.5413144
r,1747718618.6119058
u,1747718618.6546264
u,1747718618.728817
n,1747718619.8561823
n,1747718619.9384475
a,1747718619.9684975
a,1747718620.064768
g,1747718620.3021147
g,1747718620.3613088
e,1747718620.424112
e,1747718620.533923
a,1747718621.6021545
a,1747718621.6632843
g,1747718623.875278
g,1747718623.9410403
a,1747718623.9757419
a,1747718624.0651987
i,1747718624.8643575
i,1747718624.96689
w,1747718625.4155862
w,1747718625.504886
o,1747718625.5394502
o,1747718625.6047523
k,1747718626.3981633
k,1747718626.466392
i,1747718626.5634375
i,1747718626.6551633
i,1747718626.8615575
i,1747718626.9585805
t,1747718627.1795962
t,1747718627.2579896
a,1747718627.3345845
a,1747718627.4227862
w,1747718628.5213041
w,1747718628.593667
a,1747718628.720434
a,1747718628.8116648
t,1747718629.0746112
t,1747718629.1447446
a,1747718629.2095969
a,1747718629.3006542
s,1747718629.4378216
s,1747718629.4920914
i,1747718629.6728468
i,1747718629.7555761
h,1747718630.2651532
h,1747718630.3336768
a,1747718630.4119666
a,1747718630.491069
u,1747718631.8156111
u,1747718631.8719802
m,1747718632.04487
m,1747718632.1620672
a,1747718632.240205
a,1747718632.350398
r,1747718632.6003702
e,1747718632.723908
r,1747718632.771837
e,1747718632.8072405
t,1747718633.0536976
t,1747718633.1076353
a,1747718633.2044787
a,1747718633.309904
t,1747718633.8813684
t,1747718633.9225373
o,1747718634.0358927
o,1747718634.0750856
k,1747718634.203685
k,1747718634.2756405
i,1747718634.3411996
i,1747718634.426251
k,1747718634.601881
k,1747718634.7022355
a,1747718634.773142
a,1747718634.864793
r,1747718635.1260493
r,1747718635.2161555
a,1747718635.387521
a,1747718635.5100827
s,1747718636.6379335
s,1747718636.6998413
y,1747718636.9217134
y,1747718636.9806077
o,1747718637.254268
o,1747718637.31953
u,1747718637.4771674
u,1747718637.5713105
j,1747718638.0798352
i,1747718638.1898386
j,1747718638.2252517
i,1747718638.252978
k,1747718638.3798628
k,1747718638.4492574
i,1747718638.544769
i,1747718638.6277819
n,1747718639.2150626
n,1747718639.2923253
a,1747718639.3096793
a,1747718639.391226
z,1747718641.1526396
z,1747718641.2584503
i,1747718641.3843198
i,1747718641.475756
k,1747718641.7328413
k,1747718641.8052008
i,1747718641.9007077
i,1747718641.9711478
n,1747718642.1151044
n,1747718642.2012079
a,1747718642.28484
a,1747718642.376608
o,1747718643.402962
o,1747718643.4728994
t,1747718643.819977
t,1747718643.8860385
o,1747718643.9500592
o,1747718644.0067124
k,1747718644.1347919
o,1747718644.2533655
k,1747718644.2862332
o,1747718644.357739
d,1747718644.9017842
e,1747718645.0040348
d,1747718645.0439112
e,1747718645.1190608
a,1747718645.6108851
a,1747718645.7065842
t,1747718646.3156075
t,1747718646.3993165
t,1747718646.4662778
t,1747718646.5617127
a,1747718647.317643
a,1747718647.3925123
n,1747718648.5937467
n,1747718648.6553507
a,1747718648.7060308
a,1747718648.773201
n,1747718648.8058252
n,1747718648.8731759
n,1747718648.9261155
n,1747718649.0282645
n,1747718649.160473
o,1747718649.221621
n,1747718649.298473
o,1747718649.333067
t,1747718650.678144
t,1747718650.7395184
e,1747718650.7890196
e,1747718650.8535414
a,1747718651.546791
a,1747718651.6088235
m,1747718652.1258056
m,1747718652.2095232
e,1747718652.2439222
e,1747718652.3114228
n,1747718652.4077778
o,1747718652.5434537
n,1747718652.609788
o,1747718652.6765
h,1747718653.0756695
h,1747718653.1651053
e,1747718653.2288845
e,1747718653.3033652
i,1747718653.5205371
i,1747718653.6231873
w,1747718654.3740945
w,1747718654.4423935
a,1747718654.8061078
a,1747718654.9125342
d,1747718655.3239205
a,1747718655.3744214
d,1747718655.4377837
a,1747718655.4896536
t,1747718657.0885658
t,1747718657.176634
j,1747718657.9101162
o,1747718658.0160742
j,1747718658.0543392
o,1747718658.1188376
u,1747718658.2914808
u,1747718658.37112
d,1747718658.62635
e,1747718658.709915
d,1747718658.7389576
e,1747718658.831997
i,1747718661.049102
i,1747718661.1183734
j,1747718661.7405865
o,1747718661.8709133
j,1747718661.9748309
o,1747718661.9748309
z,1747718665.1619022
z,1747718665.2645373
y,1747718665.8915017
y,1747718665.9695752
o,1747718666.0031524
o,1747718666.0436873
u,1747718666.1695611
u,1747718666.2773461
d,1747718667.4820936
e,1747718667.5805833
d,1747718667.625884
e,1747718667.7120864
m,1747718668.344164
o,1747718668.4609451
m,1747718668.5009203
o,1747718668.5552485
t,1747718669.30995
t,1747718669.3779836
t,1747718669.415564
t,1747718669.5110593
o,1747718669.6187077
o,1747718669.7288194
m,1747718669.7298188
o,1747718669.8582273
m,1747718669.9097977
o,1747718669.9603128
h,1747718671.3239474
u,1747718671.4219205
h,1747718671.4854128
u,1747718671.5250876
m,1747718671.9328134
m,1747718672.004601
e,1747718672.060447
e,1747718672.1295383
i,1747718672.6739855
i,1747718672.7454991
y,1747718673.417882
y,1747718673.4488523
o,1747718673.5694137
o,1747718673.687733
n,1747718673.8766215
o,1747718673.9635377
n,1747718674.0276308
o,1747718674.0930665
z,1747718675.2814918
z,1747718675.3704314
i,1747718675.3925576
i,1747718675.4604073
n,1747718675.6046
n,1747718675.6634195
n,1747718675.7318223
n,1747718675.7964296
s,1747718676.0970075
s,1747718676.1868744
y,1747718676.7256482
y,1747718676.77977
u,1747718676.863366
u,1747718676.959714
g,1747718677.6522818
g,1747718677.7276578
d,1747718678.4607677
a,1747718678.5725517
d,1747718678.622692
a,1747718678.7007127
t,1747718680.1684227
t,1747718680.2596414
a,1747718680.2596414
a,1747718680.34386
i,1747718680.6433005
i,1747718680.6957388
y,1747718681.2751987
y,1747718681.3516707
o,1747718681.4021606
o,1747718681.4669828
u,1747718681.5949764
u,1747718681.6942391
m,1747718682.9053845
o,1747718683.0350485
m,1747718683.0923643
o,1747718683.1539264
s,1747718683.6752968
s,1747718683.7400405
u,1747718683.7906935
u,1747718683.8730195
d,1747718684.0316718
e,1747718684.1436656
d,1747718684.2015154
e,1747718684.2657676
n,1747718684.3913147
i,1747718684.5113351
n,1747718684.5615273
i,1747718684.6207047
m,1747718685.0963383
m,1747718685.181672
a,1747718685.2443273
a,1747718685.3151104
h,1747718686.3879929
h,1747718686.4587202
i,1747718686.5083463
i,1747718686.577341
r,1747718687.0198941
r,1747718687.0762591
u,1747718687.1203907
u,1747718687.1832042
d,1747718687.760063
d,1747718687.8216133
o,1747718688.9051378
o,1747718688.9597516
k,1747718689.1048443
k,1747718689.1971433
i,1747718689.3201911
i,1747718689.3825395
d,1747718689.8367703
e,1747718689.9261606
d,1747718689.9800797
e,1747718690.0463748
s,1747718690.2045565
s,1747718690.3215868
u,1747718690.3485875
u,1747718690.4277437
w,1747718691.490737
w,1747718691.5753253
a,1747718691.6605055
a,1747718691.7852304
t,1747718691.966055
t,1747718692.0469003
a,1747718692.0885623
a,1747718692.158371
s,1747718692.253851
s,1747718692.3519197
i,1747718692.4527192
i,1747718692.540697
w,1747718693.189274
w,1747718693.265351
o,1747718693.3121643
o,1747718693.3822901
n,1747718693.6753867
n,1747718693.7448404
a,1747718693.7941368
a,1747718693.861418
g,1747718694.3367052
g,1747718694.3987067
u,1747718694.443677
u,1747718694.5111988
r,1747718694.7723267
e,1747718694.8595388
r,1747718694.914585
e,1747718694.9744606
s,1747718696.0131898
s,1747718696.092822
u,1747718696.3713298
u,1747718696.3992531
o,1747718698.5439816
o,1747718698.6132874
u,1747718698.71521
u,1747718698.8294199
s,1747718699.8677084
s,1747718699.9575117
i,1747718699.9752076
i,1747718700.053742
t,1747718700.2766137
t,1747718700.3382304
e,1747718700.3962007
e,1747718700.4779413
u,1747718701.9053333
u,1747718701.9726639
r,1747718702.4031808
r,1747718702.4732263
u,1747718702.5193386
u,1747718702.561918
s,1747718702.7185967
a,1747718702.8561985
s,1747718702.9027517
a,1747718702.976181
k,1747718703.01305
k,1747718703.102488
u,1747718703.2041078
u,1747718703.309607
a,1747718704.394192
a,1747718704.4817545
n,1747718704.5157614
i,1747718704.743717
n,1747718704.7843604
i,1747718704.8450274
n,1747718705.1183286
i,1747718705.2542152
n,1747718705.2811658
i,1747718705.3421483
s,1747718706.3724504
s,1747718706.4311826
i,1747718706.464398
i,1747718706.5252113
t,1747718706.968471
t,1747718707.059897
u,1747718707.1386058
u,1747718707.2280822
m,1747718708.1276329
o,1747718708.2445629
m,1747718708.2896273
o,1747718708.3591213
n,1747718708.4253547
n,1747718708.4965396
n,1747718708.578861
n,1747718708.6429083
w,1747718709.452355
w,1747718709.5382037
o,1747718709.5853276
o,1747718709.669425
a,1747718710.0346746
a,1747718710.133736
b,1747718710.4919896
b,1747718710.5963466
i,1747718710.7218308
i,1747718710.8225117
s,1747718711.0165956
s,1747718711.1314826
e,1747718711.228055
e,1747718711.317572
t,1747718711.5849495
t,1747718711.6442816
a,1747718711.7076483
a,1747718711.7616613
s,1747718713.8076227
s,1747718713.871392
i,1747718713.9501662
i,1747718714.0395608
t,1747718714.2834141
t,1747718714.3415112
a,1747718714.5131304
a,1747718714.614986
k,1747718715.8651397
k,1747718715.9930935
o,1747718715.9930935
o,1747718716.0826879
n,1747718716.1325843
o,1747718716.2441354
n,1747718716.299235
o,1747718716.376411
t,1747718716.8262055
t,1747718716.8976123
a,1747718716.9781194
a,1747718717.0479515
n,1747718717.2692826
n,1747718717.3368948
n,1747718717.3695521
n,1747718717.4495523
t,1747718717.9483392
t,1747718717.9979174
o,1747718718.0338688
o,1747718718.1001542
u,1747718718.2284443
u,1747718718.3164485
d,1747718719.6096082
e,1747718719.7104304
d,1747718719.7430656
e,1747718719.8130717
n,1747718720.0520353
n,1747718720.1996439
n,1747718720.406133
a,1747718720.4533494
a,1747718720.5639768
n,1747718720.5871809
n,1747718721.8840709
i,1747718721.933484
n,1747718722.0156915
i,1747718722.067709
m,1747718722.1610785
o,1747718722.363056
o,1747718722.4699848
m,1747718722.4898908
s,1747718723.4361613
s,1747718723.4804535
u,1747718723.5116653
u,1747718723.5971084
r,1747718723.7008514
r,1747718723.773434
u,1747718723.804714
u,1747718723.89088
t,1747718724.577823
t,1747718724.6601617
u,1747718724.6601617
u,1747718724.7128053
m,1747718724.8688889
o,1747718724.9772763
m,1747718725.0466697
o,1747718725.093653
r,1747718725.845888
r,1747718725.919391
i,1747718725.9677558
i,1747718726.0457742
k,1747718726.195711
k,1747718726.2406669
a,1747718726.4860072
a,1747718726.5024626
a,1747718726.525653
a,1747718726.5525706
w,1747718728.4785116
w,1747718728.5625384
o,1747718728.5951712
o,1747718728.6898348
s,1747718732.393975
s,1747718732.48088
u,1747718732.504274
u,1747718732.5810757
r,1747718732.6940184
r,1747718732.7652385
u,1747718732.878458
u,1747718732.9662848
t,1747718733.546117
t,1747718733.6152112
u,1747718733.6595142
u,1747718733.7328103
m,1747718733.9270866
o,1747718734.068772
m,1747718734.1199021
o,1747718734.187763
r,1747718735.2083488
r,1747718735.296135
i,1747718735.3281388
i,1747718735.3954012
e,1747718737.9317005
e,1747718738.004045
a,1747718738.4490726
a,1747718738.5075393
t,1747718738.6810794
t,1747718738.746591
t,1747718738.8236308
t,1747718738.8942375
a,1747718738.9254942
a,1747718738.995047
e,1747718740.2712846
e,1747718740.357444
a,1747718741.3814783
a,1747718741.4834266
d,1747718743.1388378
d,1747718743.2172027
e,1747718743.4540741
e,1747718743.5703762
a,1747718744.1397448
a,1747718744.2632878
t,1747718744.776262
t,1747718744.8269033
t,1747718744.880376
t,1747718744.9493
a,1747718745.0235724
a,1747718745.1229136
k,1747718745.5166492
k,1747718745.59093
a,1747718745.59093
a,1747718745.6830986
k,1747718747.0888984
k,1747718747.1561723
y,1747718747.6269033
y,1747718747.690823
o,1747718747.7224016
o,1747718747.8072066
u,1747718747.9501767
u,1747718748.0370648
h,1747718749.0790975
h,1747718749.1483607
a,1747718749.2132297
a,1747718749.2696111
r,1747718750.307433
r,1747718750.3649127
o,1747718750.410855
o,1747718750.4662435
k,1747718750.5755334
k,1747718750.645027
u,1747718750.7578619
u,1747718750.8282754
n,1747718750.9804327
i,1747718751.1151888
n,1747718751.1460445
i,1747718751.2012892
n,1747718751.2942853
n,1747718751.376589
n,1747718751.429177
n,1747718751.5130496
k,1747718752.6042662
o,1747718752.7243354
k,1747718752.7482932
o,1747718752.8079302
r,1747718753.2706015
r,1747718753.3453496
o,1747718753.3766046
o,1747718753.4450488
s,1747718753.8348684
a,1747718753.9284742
s,1747718753.9972281
a,1747718754.0457013
r,1747718754.2043748
e,1747718754.3159106
r,1747718754.3601677
e,1747718754.4127154
m,1747718754.7874398
m,1747718754.8566797
a,1747718754.9039035
a,1747718754.9884965
s,1747718755.4343295
s,1747718755.5303707
i,1747718755.7064884
i,1747718755.7875888
t,1747718756.0116827
t,1747718756.0892248
a,1747718756.1459348
a,1747718756.2067432
t,1747718757.9532247
t,1747718758.0143163
a,1747718758.0791903
a,1747718758.1347592
i,1747718758.4498258
i,1747718758.5176446
d,1747718758.628593
e,1747718758.7290592
d,1747718758.7643745
e,1747718758.855795
t,1747718759.9027147
t,1747718759.9660895
u,1747718760.0283282
u,1747718760.0654957
s,1747718762.0332816
s,1747718762.1198373
e,1747718762.242347
e,1747718762.3269653
t,1747718763.3018818
t,1747718763.3683124
u,1747718763.403258
u,1747718763.4846985
n,1747718763.658417
n,1747718763.7510388
a,1747718763.8362286
a,1747718763.891189
y,1747718764.7657065
y,1747718764.8384306
o,1747718764.8870804
o,1747718764.9428158
u,1747718765.0678966
u,1747718765.1380844
j,1747718765.5041373
i,1747718765.6466794
j,1747718765.6666334
i,1747718765.7239203
z,1747718766.371656
z,1747718766.456117
i,1747718766.50217
i,1747718766.5709064
g,1747718767.8131397
g,1747718767.8783243
a,1747718767.9926405
a,1747718768.0642688
a,1747718768.7748907
a,1747718768.852016
r,1747718769.2006812
r,1747718769.2722812
u,1747718769.317441
u,1747718769.3815958
n,1747718769.529151
o,1747718769.6441417
n,1747718769.7018921
o,1747718769.748961
d,1747718769.7967775
e,1747718769.8665028
d,1747718769.924349
e,1747718770.0256035
a,1747718771.0583851
a,1747718771.117877
m,1747718772.6624768
m,1747718772.7290583
e,1747718772.7882137
e,1747718772.8738484
r,1747718773.2684114
r,1747718773.3423533
o,1747718773.391883
o,1747718773.4770312
s,1747718774.0658395
s,1747718774.158082
u,1747718774.268099
u,1747718774.2756958
h,1747718776.1478405
h,1747718776.2268405
a,1747718776.275028
a,1747718776.3655043
m,1747718776.598953
m,1747718776.6468008
a,1747718776.7915537
a,1747718776.8643095
g,1747718777.4329665
g,1747718777.4891124
o,1747718777.5710452
o,1747718777.6400378
t,1747718778.2897723
t,1747718778.3711774
u,1747718778.3957
u,1747718778.4544437
i,1747718778.5688245
i,1747718778.638709
t,1747718778.9765215
t,1747718779.0474317
a,1747718779.0963967
a,1747718779.1818662
y,1747718780.8571234
y,1747718780.9307327
u,1747718780.9501653
u,1747718781.0376818
r,1747718781.8124063
r,1747718781.87632
u,1747718781.9328384
u,1747718782.024992
s,1747718782.9617946
s,1747718783.0563014
e,1747718783.174456
e,1747718783.2689884
t,1747718783.8277352
t,1747718783.9015863
o,1747718783.9560664
o,1747718784.0351748
k,1747718786.3424606
k,1747718786.4007065
u,1747718786.6098602
u,1747718786.6833477
t,1747718787.445133
t,1747718787.5121524
i,1747718787.5604463
i,1747718787.645802
g,1747718788.2680378
g,1747718788.3238838
u,1747718788.3783002
u,1747718788.4520216
t,1747718788.8162189
t,1747718788.891748
i,1747718788.9468663
i,1747718789.022936
n,1747718789.2920523
i,1747718789.4442852
n,1747718789.5030344
i,1747718789.5694134
w,1747718790.5701358
w,1747718790.6602502
a,1747718790.7690048
a,1747718790.8873992
m,1747718790.9571686
m,1747718791.0403626
e,1747718791.1238809
e,1747718791.2295284
i,1747718791.754219
i,1747718791.828684
t,1747718792.1382391
t,1747718792.2199771
a,1747718792.2199771
a,1747718792.3042395
s,1747718793.6236622
s,1747718793.7075956
i,1747718793.728357
i,1747718793.7904243
n,1747718793.8713827
n,1747718794.0368948
n,1747718794.1310284
n,1747718794.1640947
z,1747718795.4831283
z,1747718795.583661
i,1747718795.6191366
i,1747718795.6949666
t,1747718797.0706594
t,1747718797.1400547
u,1747718797.1905296
u,1747718797.2452333
t,1747718797.802278
t,1747718797.8728995
o,1747718798.0011852
o,1747718798.0727925
h,1747718798.4252515
h,1747718798.5357187
a,1747718798.5357187
a,1747718798.6244726
k,1747718799.7444603
k,1747718799.811258
e,1747718799.9047294
e,1747718799.974667
s,1747718800.9121618
s,1747718800.9972095
s,1747718801.0282397
s,1747718801.1272674
i,1747718801.1944451
i,1747718801.2845278
y,1747718802.279082
y,1747718802.343778
t,1747718803.0371933
t,1747718803.0926676
r,1747718803.1496828
r,1747718803.2218623
k,1747718803.7033625
k,1747718803.7988274
u,1747718803.9409893
u,1747718804.0221112
u,1747718804.8236825
u,1747718804.9427662
t,1747718807.3335562
t,1747718807.4349155
e,1747718807.5133588
e,1747718807.6423416
k,1747718808.915352
k,1747718809.001551
u,1747718809.1234114
u,1747718809.232948
k,1747718810.8743489
k,1747718810.934893
y,1747718811.0214913
y,1747718811.0891619
o,1747718811.1696246
o,1747718811.2389133
n,1747718812.9344962
n,1747718813.0282295
a,1747718813.0845716
a,1747718813.159691
m,1747718813.4272213
o,1747718813.5304024
m,1747718813.5683885
o,1747718813.6582656
n,1747718813.7108655
n,1747718813.8724434
o,1747718813.8724434
o,1747718813.944527
o,1747718815.7501295
o,1747718815.8530416
u,1747718816.2149816
u,1747718816.3321748
s,1747718817.1266618
s,1747718817.2107427
o,1747718817.2347114
o,1747718817.2933924
u,1747718817.4370737
u,1747718817.55167
d,1747718817.715595
e,1747718817.8076715
d,1747718817.8729134
e,1747718817.9538708
h,1747718818.0798035
h,1747718818.182101
a,1747718818.213571
a,1747718818.3271368
n,1747718818.6948407
n,1747718818.76338
a,1747718818.8121262
a,1747718818.9003
k,1747718819.3231988
k,1747718819.396242
a,1747718819.437936
a,1747718819.5420504
t,1747718819.9145825
t,1747718819.9971206
t,1747718820.0223305
t,1747718820.101985
a,1747718820.199407
a,1747718820.2782798
t,1747718821.8141663
t,1747718821.8860047
u,1747718821.908002
u,1747718821.9690876
i,1747718822.067693
i,1747718822.1363926
t,1747718822.4232998
t,1747718822.4938443
e,1747718822.529906
e,1747718822.595087
k,1747718822.9674368
o,1747718823.076144
k,1747718823.1261666
o,1747718823.1759112
i,1747718823.3308744
i,1747718823.4273114
shift,1747718826.3867013
shift,1747718826.882733
shift,1747718828.0827723
shift,1747718828.5771909
shift,1747718828.6088524
shift,1747718828.6413577
!,1747718828.6804628
shift,1747718828.8300047
1,1747718828.8300047
h,1747718830.534672
h,1747718830.6142116
u,1747718830.660727
u,1747718830.7148879
r,1747718832.3133612
r,1747718832.394818
i,1747718832.4572837
i,1747718832.5424223
o,1747718834.1923811
o,1747718834.278753
h,1747718837.5196593
u,1747718837.6217473
h,1747718837.6785195
u,1747718837.7732089
i,1747718838.0748167
i,1747718838.263
r,1747718839.5698082
r,1747718839.662882
o,1747718839.7262495
o,1747718839.8386629
s,1747718841.0356696
s,1747718841.1022785
u,1747718841.1339178
u,1747718841.2022467
t,1747718841.6147313
t,1747718841.6794055
o,1747718841.743576
o,1747718841.813257
r,1747718842.863662
r,1747718842.932737
a,1747718842.9914646
a,1747718843.0528944
t,1747718844.3297822
t,1747718844.405925
o,1747718844.4855115
o,1747718844.5543234
s,1747718845.1391928
s,1747718845.212005
u,1747718845.212005
u,1747718845.2938225
z,1747718847.3450544
z,1747718847.410188
e,1747718847.5695848
e,1747718847.6415722
b,1747718847.8321908
b,1747718847.8722785
n,1747718848.3497448
n,1747718848.4016612
n,1747718848.4573793
n,1747718848.5412998
b,1747718849.0845616
b,1747718849.15877
u,1747718849.2063086
u,1747718849.2731757
a,1747718849.6448138
a,1747718849.7455213
g,1747718850.1378877
g,1747718850.1984265
e,1747718850.2510786
e,1747718850.3384268
y,1747718850.9781835
y,1747718851.0474012
o,1747718851.089031
o,1747718851.1467772
u,1747718851.2442262
u,1747718851.352147
h,1747718852.365984
h,1747718852.4266348
a,1747718852.501152
a,1747718852.5689788
s,1747718852.7743888
s,1747718852.88783
i,1747718852.9667346
i,1747718853.0479918
r,1747718853.5161204
r,1747718853.5995693
u,1747718853.7748783
u,1747718853.8655794
n,1747718854.0175378
n,1747718854.2300346
o,1747718854.7344482
o,1747718854.8130822
h,1747718855.0549345
h,1747718855.138965
a,1747718855.2118046
a,1747718855.2829173
y,1747718856.812151
y,1747718856.888154
a,1747718856.9526324
a,1747718857.0466123
m,1747718857.132859
m,1747718857.2269716
e,1747718857.29152
e,1747718857.3690112
t,1747718858.3050792
t,1747718858.361501
e,1747718858.4394917
e,1747718858.50784
k,1747718858.8754444
k,1747718858.9703805
u,1747718859.0938792
u,1747718859.1719582
d,1747718859.2560449
a,1747718859.3747888
d,1747718859.4046102
a,1747718859.4562197
s,1747718859.5368223
a,1747718859.6562748
s,1747718859.6959891
i,1747718859.7548978
i,1747718859.8223925
a,1747718860.8154914
a,1747718860.8333669
o,1747718861.42524
o,1747718861.4806569
k,1747718861.5920923
k,1747718861.6915336
u,1747718861.8222466
i,1747718861.882669
u,1747718861.9057872
r,1747718862.7081668
e,1747718862.8541772
r,1747718862.8917994
e,1747718862.9530683
t,1747718863.143327
t,1747718863.2317889
a,1747718863.254825
a,1747718863.354199
r,1747718863.5514486
r,1747718863.619225
a,1747718863.6523805
a,1747718863.7025766
s,1747718864.7854817
s,1747718864.8642766
o,1747718864.8942044
o,1747718864.9549468
n,1747718865.0020032
o,1747718865.1204457
n,1747718865.171086
o,1747718865.2377064
m,1747718865.4211948
i,1747718865.5366762
m,1747718865.5690017
i,1747718865.631099
g,1747718865.9653454
g,1747718866.0560613
a,1747718866.0713594
a,1747718866.138439
w,1747718866.3446739
w,1747718866.454061
a,1747718866.5777133
a,1747718866.6951022
r,1747718867.805506
r,1747718867.9067118
i,1747718867.9217403
i,1747718868.0185604
w,1747718869.3215668
w,1747718869.3836148
o,1747718869.463737
o,1747718869.5336564
k,1747718870.861359
k,1747718870.9620075
u,1747718871.1150556
u,1747718871.2451718
t,1747718873.5383162
t,1747718873.6014087
t,1747718873.6549435
t,1747718873.7341926
o,1747718873.7980554
o,1747718873.8793116
k,1747718874.0279016
k,1747718874.1073349
r,1747718878.6331375
r,1747718878.703082
o,1747718878.7278557
o,1747718878.8065531
s,1747718879.5382564
s,1747718879.6197197
u,1747718879.6353748
u,1747718879.7379146
z,1747718880.0712752
z,1747718880.1563892
o,1747718880.199748
o,1747718880.2685134
s,1747718881.3103657
s,1747718881.3942704
u,1747718881.4576595
u,1747718881.521455
r,1747718882.8053553
r,1747718882.9288266
o,1747718883.1045904
o,1747718883.2200913
s,1747718885.898416
s,1747718885.9712315
u,1747718885.9984856
u,1747718886.040701
z,1747718886.1353083
z,1747718886.2507095
o,1747718886.2852623
o,1747718886.372862
n,1747718887.6345055
n,1747718887.723003
a,1747718887.7505715
a,1747718887.8365812
n,1747718887.8804712
n,1747718887.9492123
a,1747718888.0048742
a,1747718888.0819995
n,1747718888.1297948
n,1747718888.1983209
a,1747718888.2483387
a,1747718888.2694173
a,1747718888.2850337
a,1747718888.3050609
k,1747718888.8069115
k,1747718888.885002
a,1747718888.885002
a,1747718888.961773
n,1747718889.8555002
n,1747718889.9519908
k,1747718890.1097455
k,1747718890.2005584
a,1747718890.2166712
a,1747718890.3063643
s,1747718892.0315938
s,1747718892.0903676
y,1747718892.5646882
y,1747718892.5927546
o,1747718892.6255443
o,1747718892.6966105
u,1747718892.8360605
u,1747718892.9295743
d,1747718893.205257
d,1747718893.3267748
a,1747718893.3267748
a,1747718893.382933
k,1747718893.6049948
k,1747718893.6818762
u,1747718893.9212415
u,1747718894.0142019
s,1747718897.5567431
s,1747718897.6502664
y,1747718897.933333
y,1747718898.049636
a,1747718899.077947
a,1747718899.173295
s,1747718899.901436
s,1747718899.967444
y,1747718900.5607755
y,1747718900.611556
o,1747718900.6617568
o,1747718900.729519
u,1747718900.825184
u,1747718900.9175155
d,1747718901.45634
a,1747718901.5696073
d,1747718901.6274095
a,1747718901.6930609
k,1747718901.7406688
k,1747718901.8345172
u,1747718901.9386516
u,1747718902.0554314
s,1747718902.6113563
s,1747718902.6845698
i,1747718902.725431
i,1747718902.7549841
t,1747718903.0408013
t,1747718903.1036458
e,1747718903.151385
e,1747718903.2286427
k,1747718903.5841513
k,1747718903.690588
u,1747718903.8328621
u,1747718903.9015174
r,1747718904.2785358
e,1747718904.362661
r,1747718904.4175074
e,1747718904.480148
n,1747718905.0100126
n,1747718905.104137
a,1747718905.1319861
a,1747718905.2230673
i,1747718905.2379618
