w,1747721012.0406158
a,1747721012.0565727
t,1747721012.3304913
a,1747721012.4081438
s,1747721012.5995798
i,1747721013.0152516
h,1747721013.5583057
a,1747721013.6054838
t,1747721014.1002326
y,1747721014.2289834
a,1747721014.349164
n,1747721014.7244954
t,1747721015.0115635
o,1747721015.543638
s,1747721016.151204
i,1747721016.2499087
n,1747721016.7123935
u,1747721016.786157
r,1747721017.8046038
u,1747721017.8841708
k,1747721018.0592384
a,1747721018.1230702
k,1747721018.2180736
u,1747721018.4768908
g,1747721018.8582458
o,1747721018.934463
d,1747721019.2725787
e,1747721019.3656075
i,1747721019.5469074
r,1747721020.4847991
u,1747721020.5216658
n,1747721020.7414012
o,1747721020.8159392
n,1747721020.8640819
i,1747721021.1477075
change,1747721021.1477075
h,1747721022.6903987
u,1747721022.8122902
i,1747721024.148786
r,1747721024.417064
o,1747721024.4997375
s,1747721025.1382282
u,1747721025.2730832
t,1747721025.5038002
o,1747721025.647558
r,1747721026.0143003
a,1747721026.1067624
t,1747721026.860372
o,1747721027.0025566
s,1747721027.198463
u,1747721027.2927673
d,1747721027.5776763
e,1747721027.6735585
g,1747721028.2982242
o,1747721028.391766
z,1747721028.6480963
a,1747721028.7317038
i,1747721028.7897632
m,1747721029.1126587
a,1747721029.2835867
s,1747721029.3153462
u,1747721029.498619
change,1747721029.498619
t,1747721030.5724435
a,1747721031.159481
k,1747721031.5008042
u,1747721031.687775
s,1747721032.311241
a,1747721032.4070883
n,1747721032.7424526
n,1747721032.8219998
o,1747721033.4001653
h,1747721033.878221
i,1747721033.974122
t,1747721034.118732
o,1747721034.198537
w,1747721034.406257
o,1747721034.4857826
k,1747721034.8488681
o,1747721034.9230227
r,1747721035.1559155
o,1747721035.2358727
s,1747721035.4493394
i,1747721035.6035907
t,1747721036.593981
a,1747721036.6421802
n,1747721036.9283772
o,1747721037.0090432
k,1747721037.1989238
a,1747721037.2804608
change,1747721037.2804608
s,1747721038.110994
o,1747721038.1740453
u,1747721038.2694225
d,1747721038.4453242
e,1747721038.4928617
s,1747721038.700534
u,1747721038.7963343
change,1747721038.7963343
h,1747721039.5642824
i,1747721039.6420963
t,1747721039.786853
o,1747721039.865483
w,1747721040.0646658
o,1747721040.1900022
k,1747721040.5603385
o,1747721040.5887537
r,1747721041.1491704
o,1747721041.3670144
s,1747721041.4842556
i,1747721041.6598365
t,1747721041.804096
e,1747721041.8842432
z,1747721042.4999676
i,1747721042.6142693
b,1747721042.8267865
u,1747721042.9071147
n,1747721043.1153064
g,1747721043.3551345
a,1747721043.418304
i,1747721044.16944
k,1747721044.3350508
i,1747721044.456302
r,1747721044.6592162
u,1747721044.7283502
change,1747721044.7283502
w,1747721045.6938908
a,1747721045.741904
t,1747721045.9480748
a,1747721046.0111759
s,1747721046.1909807
i,1747721046.696172
h,1747721047.0643103
a,1747721047.1482184
e,1747721047.6048179
i,1747721047.8626952
e,1747721048.0080407
n,1747721048.28227
n,1747721048.3553221
i,1747721048.669491
u,1747721049.3375154
r,1747721049.6076005
a,1747721049.6988778
g,1747721049.9099438
i,1747721050.0531042
r,1747721050.3238816
i,1747721050.4355786
m,1747721050.6933725
o,1747721050.7552645
n,1747721050.9712315
o,1747721051.087552
d,1747721051.333218
a,1747721051.4005637
change,1747721051.4005637
a,1747721051.516145
r,1747721052.6081035
u,1747721052.6733873
k,1747721052.9503012
e,1747721052.9959428
r,1747721053.9326284
u,1747721054.044564
change,1747721054.044564
a,1747721055.0164833
a,1747721055.288752
m,1747721055.7336357
e,1747721055.8007073
r,1747721056.036382
o,1747721056.1343975
s,1747721056.3245394
u,1747721056.3779678
s,1747721056.5018709
a,1747721056.7705212
m,1747721056.9612226
a,1747721057.0214865
change,1747721057.0214865
h,1747721057.92985
i,1747721058.0147254
t,1747721058.13297
o,1747721058.7242854
n,1747721059.0471044
o,1747721059.1073003
i,1747721059.4732208
n,1747721059.6770344
o,1747721059.7567189
t,1747721060.0113392
i,1747721060.124861
m,1747721061.3718462
o,1747721061.4969966
m,1747721061.5449467
o,1747721061.5872824
n,1747721062.1348748
d,1747721062.4704375
a,1747721062.5498736
i,1747721062.6609535
d,1747721063.3009381
e,1747721063.3324163
n,1747721063.620652
a,1747721063.651792
i,1747721063.778396
n,1747721064.0392008
o,1747721064.095816
d,1747721064.2732537
a,1747721064.8351982
change,1747721064.8351982
k,1747721065.857622
i,1747721066.2422702
m,1747721066.815345
i,1747721066.8949993
h,1747721067.1967587
a,1747721067.3075387
i,1747721067.7697153
t,1747721068.0197437
u,1747721068.1473756
d,1747721068.4374452
e,1747721068.4819214
m,1747721068.672863
o,1747721068.7235615
w,1747721069.2484543
a,1747721069.2955399
t,1747721069.5349953
a,1747721069.5827863
s,1747721069.8449998
i,1747721069.9785798
w,1747721070.3877366
o,1747721070.4468396
s,1747721071.1176622
i,1747721071.191611
n,1747721071.3846095
z,1747721072.1212132
i,1747721072.2156332
t,1747721072.5397882
a,1747721072.5992758
change,1747721072.5992758
o,1747721073.4939435
y,1747721073.7976441
o,1747721073.864096
g,1747721074.3077788
i,1747721074.4344373
k,1747721075.4481149
i,1747721075.598468
r,1747721075.7727995
u,1747721075.8204796
y,1747721076.0754666
o,1747721076.1709614
r,1747721076.431309
i,1747721076.6317022
h,1747721077.3003957
o,1747721077.3805857
k,1747721077.582829
a,1747721077.6597538
n,1747721077.9556031
i,1747721078.2886271
n,1747721078.7496674
a,1747721078.8618581
change,1747721078.8618581
w,1747721079.8371859
a,1747721079.9118683
t,1747721080.0926704
a,1747721080.1556938
s,1747721080.3196695
i,1747721080.4562967
h,1747721080.5150976
a,1747721081.0261135
s,1747721081.6168227
i,1747721081.7148974
n,1747721081.9456258
r,1747721082.4966583
a,1747721082.560186
i,1747721082.6561503
s,1747721082.9604099
a,1747721083.006446
r,1747721083.262723
e,1747721083.307343
t,1747721083.553276
e,1747721083.628667
i,1747721083.8830981
r,1747721083.9466915
u,1747721084.1067183
change,1747721084.1067183
m,1747721084.947387
i,1747721085.042477
e,1747721085.2166948
r,1747721085.4082513
u,1747721085.4880507
change,1747721085.4880507
h,1747721086.2345345
o,1747721086.313633
k,1747721086.508731
a,1747721086.5918002
n,1747721086.8127902
i,1747721086.8524828
h,1747721087.0435085
a,1747721087.1485534
n,1747721087.3205173
a,1747721087.4092243
n,1747721087.5045795
i,1747721087.585087
m,1747721087.8083665
o,1747721087.856076
n,1747721088.0316668
a,1747721088.1787035
i,1747721088.209395
change,1747721088.209395
z,1747721089.0598369
u,1747721089.1349895
n,1747721089.5650306
z,1747721089.6922266
u,1747721089.7560165
n,1747721089.9634688
s,1747721090.5710359
i,1747721090.6353095
z,1747721090.9071755
u,1747721090.9715466
m,1747721091.289954
u,1747721091.4782069
change,1747721091.4782069
t,1747721092.152623
a,1747721092.2316344
n,1747721092.3705354
o,1747721092.4548073
m,1747721092.6630054
u,1747721092.8390505
s,1747721093.040409
o,1747721093.1257677
u,1747721093.2063613
s,1747721093.4783463
i,1747721093.6059425
t,1747721093.8146296
e,1747721093.925788
k,1747721093.9894762
u,1747721094.180931
d,1747721094.3728168
a,1747721094.4325366
s,1747721094.6120908
a,1747721094.627916
i,1747721094.6985898
change,1747721094.6985898
h,1747721095.4730783
i,1747721095.5683508
t,1747721095.7112732
o,1747721095.7917814
n,1747721095.9834654
o,1747721096.069022
k,1747721096.2944255
o,1747721096.3154938
k,1747721096.383854
o,1747721096.4211793
r,1747721097.6617835
o,1747721097.7734625
h,1747721097.96534
a,1747721098.0455575
a,1747721098.2214544
t,1747721098.5736556
e,1747721098.6536582
n,1747721099.020654
i,1747721099.1017587
n,1747721099.1659026
a,1747721099.4520605
r,1747721099.6919274
a,1747721099.739809
n,1747721100.1610677
a,1747721100.317674
i,1747721100.7066548
change,1747721100.7066548
o,1747721101.4527936
m,1747721101.7096364
a,1747721101.7720418
e,1747721102.0603657
r,1747721102.3473854
a,1747721102.395127
h,1747721102.5887752
a,1747721102.6978073
w,1747721103.5601003
a,1747721103.5921166
s,1747721104.612091
i,1747721105.9188442
n,1747721106.0988324
o,1747721106.1572928
k,1747721106.3962595
o,1747721106.4760022
k,1747721106.5395644
o,1747721106.5714521
r,1747721108.2057836
o,1747721108.297794
n,1747721108.6267066
i,1747721108.705287
k,1747721109.0544286
a,1747721109.1336734
t,1747721109.325101
t,1747721109.5333326
a,1747721109.753209
n,1747721109.993011
o,1747721110.0881405
change,1747721110.0881405
w,1747721111.0290618
a,1747721111.1037157
t,1747721111.2989945
a,1747721111.3622446
s,1747721111.5577161
i,1747721111.7448978
h,1747721111.8306193
a,1747721112.1437614
o,1747721112.5576377
k,1747721112.7165935
u,1747721112.894573
r,1747721112.974397
e,1747721113.0381696
t,1747721113.2334206
e,1747721113.2922623
i,1747721113.3721826
k,1747721113.689525
u,1747721113.912666
d,1747721114.235208
a,1747721114.2961323
r,1747721114.6382544
o,1747721114.7425973
u,1747721114.820167
change,1747721114.820167
d,1747721115.766753
o,1747721115.858064
u,1747721115.9156828
s,1747721116.1780245
e,1747721116.2226486
k,1747721116.639333
a,1747721116.6683674
e,1747721116.9077356
t,1747721117.1787295
t,1747721117.226799
e,1747721117.397827
k,1747721117.6455102
o,1747721117.7044628
n,1747721117.8956208
a,1747721117.9755075
i,1747721118.0524583
n,1747721118.252743
i,1747721118.3276577
k,1747721118.7146974
i,1747721119.4285307
m,1747721119.780552
a,1747721119.9080286
t,1747721120.1792006
t,1747721120.2593024
e,1747721120.3571603
i,1747721120.5302181
r,1747721120.6900132
u,1747721120.7539515
change,1747721120.7539515
w,1747721121.5111227
a,1747721121.592378
t,1747721121.7544684
a,1747721121.8395438
s,1747721121.9826443
i,1747721122.154722
h,1747721122.498289
a,1747721122.557442
k,1747721122.7026122
i,1747721124.6531944
t,1747721124.8744552
t,1747721124.9515693
o,1747721125.1354792
w,1747721125.524885
a,1747721125.5726266
r,1747721125.7794626
a,1747721125.830416
w,1747721126.6923056
a,1747721126.738071
r,1747721127.0046139
e,1747721127.1111987
r,1747721127.1692276
u,1747721127.4727442
change,1747721127.4727442
s,1747721128.3723533
o,1747721128.4330158
u,1747721128.4652152
s,1747721128.560165
i,1747721128.9771335
t,1747721129.1762683
e,1747721129.2745771
w,1747721129.631814
a,1747721129.663205
r,1747721130.5605857
a,1747721130.6240249
t,1747721130.8853643
t,1747721130.9606867
e,1747721131.120009
h,1747721131.2477095
a,1747721131.359756
r,1747721133.0637648
i,1747721133.1540902
t,1747721133.5000286
u,1747721133.5797222
k,1747721133.780035
e,1747721133.831651
n,1747721134.7594485
o,1747721134.8549755
d,1747721134.965405
a,1747721135.0347476
i,1747721135.1303704
n,1747721135.3323174
i,1747721135.3988254
n,1747721135.4475744
o,1747721135.7570763
b,1747721136.1952891
o,1747721136.3093596
t,1747721136.4209886
t,1747721136.4956985
e,1747721136.654374
y,1747721136.9085069
a,1747721137.0032837
r,1747721137.502239
u,1747721137.7942839
change,1747721137.7942839
a,1747721138.913377
r,1747721139.1819649
e,1747721139.247919
w,1747721139.5320752
o,1747721139.6290057
h,1747721140.0585175
i,1747721140.1218162
t,1747721140.341696
o,1747721140.4337797
z,1747721141.953741
i,1747721142.0496593
t,1747721142.3523262
i,1747721142.653871
t,1747721143.1471055
o,1747721143.2636933
s,1747721143.4340935
i,1747721143.5771315
t,1747721144.0087872
e,1747721144.0883398
k,1747721145.0783107
o,1747721145.14153
k,1747721145.1889153
o,1747721145.2547972
n,1747721145.5736947
i,1747721145.6101484
o,1747721146.234672
i,1747721146.6947799
t,1747721146.8980398
e,1747721146.9658008
i,1747721147.2122054
k,1747721147.4422126
o,1747721147.521017
u,1747721147.7275183
change,1747721147.7275183
w,1747721148.5157769
a,1747721148.573521
t,1747721148.7331712
a,1747721148.797008
s,1747721148.9728858
i,1747721149.1242607
w,1747721149.5014427
o,1747721149.6063726
n,1747721149.9185617
a,1747721150.0279408
g,1747721150.300598
u,1747721150.8595586
r,1747721150.9248648
e,1747721152.005769
change,1747721152.005769
m,1747721153.2760112
u,1747721153.46347
k,1747721153.734339
o,1747721153.7982657
n,1747721153.9577508
o,1747721154.043318
b,1747721154.3778963
o,1747721154.4709697
k,1747721154.6923
u,1747721154.867118
z,1747721156.5457408
i,1747721156.6908991
n,1747721158.7594936
m,1747721159.0317068
o,1747721159.1116595
g,1747721159.661242
a,1747721159.7224617
n,1747721159.8111742
k,1747721160.1394904
y,1747721160.3914402
o,1747721160.4874012
u,1747721160.5506375
d,1747721160.9839647
e,1747721161.0602524
a,1747721161.2788858
t,1747721161.5250337
t,1747721161.6208947
a,1747721161.7651281
change,1747721161.7651281
m,1747721162.5316074
e,1747721162.660191
r,1747721162.8999572
o,1747721162.9636612
s,1747721163.1713448
u,1747721163.2669036
n,1747721163.5564914
i,1747721163.5859315
h,1747721163.761617
a,1747721163.888605
s,1747721164.3582294
e,1747721164.4186609
i,1747721164.5785732
z,1747721165.1351533
i,1747721165.230571
g,1747721165.4740984
a,1747721165.6040156
w,1747721165.888749
a,1747721165.9039297
k,1747721166.5731335
a,1747721166.6517363
r,1747721166.88245
a,1747721166.9701836
n,1747721167.5685878
u,1747721167.6727412
change,1747721167.6727412
w,1747721168.4200113
a,1747721168.499638
t,1747721168.7166526
a,1747721168.7445033
s,1747721169.2667124
i,1747721169.3623621
h,1747721169.583446
a,1747721169.6675718
s,1747721170.0614533
i,1747721170.2043538
n,1747721170.4120674
r,1747721170.887656
a,1747721170.935917
i,1747721171.0820014
n,1747721171.2874932
i,1747721171.4143376
m,1747721171.8607628
u,1747721172.1154873
k,1747721172.3525548
u,1747721172.511771
i,1747721172.7179585
n,1747721173.1709259
a,1747721173.2560112
k,1747721173.7743742
e,1747721173.845452
r,1747721174.0840974
e,1747721174.1478627
b,1747721174.30763
a,1747721174.3893275
n,1747721174.5636039
a,1747721174.6415415
r,1747721175.3595943
a,1747721175.422394
n,1747721175.8678625
u,1747721175.9881632
change,1747721175.9881632
o,1747721177.4402275
m,1747721177.693789
a,1747721177.8212132
e,1747721178.1402967
r,1747721178.347701
a,1747721178.4118767
n,1747721178.5712328
o,1747721178.6810508
n,1747721178.6985042
o,1747721178.7945197
z,1747721179.4023356
o,1747721179.5298216
m,1747721180.015715
i,1747721180.0587554
h,1747721180.3267686
a,1747721180.3762467
k,1747721180.6169956
a,1747721180.6902452
n,1747721181.1179845
a,1747721181.2127247
t,1747721181.4948301
t,1747721181.6077955
a,1747721181.7469857
z,1747721181.9678073
o,1747721182.0005763
change,1747721182.0005763
a,1747721182.6784377
p,1747721184.1925032
p,1747721184.2242115
a,1747721184.431236
r,1747721184.6383061
e,1747721184.6705515
change,1747721184.6705515
m,1747721185.422316
e,1747721185.486045
r,1747721185.7241657
o,1747721185.7882836
s,1747721185.9399197
u,1747721186.042378
h,1747721186.6636589
a,1747721186.7274086
t,1747721186.9689653
o,1747721187.6722176
m,1747721188.0334632
o,1747721188.0677476
n,1747721188.2689233
n,1747721188.5083172
i,1747721188.5710158
i,1747721188.842758
s,1747721189.414381
s,1747721189.4997487
a,1747721189.6119075
i,1747721190.2386932
n,1747721190.5412478
o,1747721190.616877
z,1747721191.1772783
i,1747721191.2407928
z,1747721191.3202035
y,1747721192.0079072
o,1747721192.2482283
u,1747721192.3277237
w,1747721192.5671275
o,1747721192.7748077
k,1747721193.205235
a,1747721193.334228
t,1747721193.6364546
a,1747721193.993376
t,1747721194.0797243
t,1747721195.174646
a,1747721195.2857182
change,1747721195.2857182
s,1747721196.371099
o,1747721196.4893517
n,1747721196.6432915
o,1747721196.718669
h,1747721197.0234208
i,1747721197.071236
t,1747721197.2796745
o,1747721197.35677
w,1747721197.539625
o,1747721197.6305726
k,1747721197.9073734
o,1747721197.9717412
r,1747721198.3238847
o,1747721198.4121587
s,1747721198.6855333
i,1747721199.203837
t,1747721199.5170703
e,1747721199.61156
h,1747721199.7858894
a,1747721199.889414
n,1747721200.2469783
a,1747721200.3013773
r,1747721200.4930544
a,1747721200.5606825
n,1747721201.5212154
u,1747721201.6176772
change,1747721201.6176772
g,1747721202.7926013
u,1747721202.863876
n,1747721203.0208511
s,1747721203.2223077
y,1747721203.8255887
u,1747721203.8731935
u,1747721203.945769
h,1747721204.3351579
a,1747721204.3969116
d,1747721204.9285033
o,1747721205.1498265
y,1747721205.4415884
o,1747721205.5317864
m,1747721205.7615578
e,1747721205.8315136
i,1747721205.9960952
t,1747721206.1745923
a,1747721206.2700624
change,1747721206.2700624
m,1747721207.192787
e,1747721207.264491
r,1747721207.4792845
o,1747721207.5590048
s,1747721207.7523346
u,1747721207.8294575
h,1747721208.1008782
a,1747721208.228573
t,1747721208.5635788
a,1747721208.6910093
n,1747721208.8031168
z,1747721209.732939
y,1747721209.923967
u,1747721210.0349681
n,1747721210.307014
n,1747721210.386881
a,1747721210.962266
o,1747721211.3489335
t,1747721211.7787573
o,1747721211.8724298
k,1747721212.1126988
o,1747721212.1920686
d,1747721212.431551
e,1747721212.5277617
a,1747721212.7356915
t,1747721212.921693
t,1747721212.9909055
a,1747721213.1352632
change,1747721213.1352632
w,1747721214.0311413
a,1747721214.0787797
t,1747721214.287673
a,1747721214.631351
s,1747721215.0205328
i,1747721215.3242958
h,1747721215.6064885
a,1747721215.6764648
y,1747721216.557201
o,1747721216.604827
k,1747721216.8282673
u,1747721217.020624
y,1747721217.5960846
o,1747721217.6919436
k,1747721217.8678226
u,1747721218.044092
h,1747721218.4793918
u,1747721218.5387635
k,1747721219.195566
o,1747721219.2913353
u,1747721219.4727418
n,1747721219.6893916
a,1747721219.7566068
o,1747721220.0409422
t,1747721220.3948843
o,1747721220.4891381
k,1747721220.7598026
o,1747721220.860134
d,1747721221.079445
a,1747721221.1428974
change,1747721221.1428974
w,1747721221.9578955
a,1747721222.0058851
t,1747721222.180389
a,1747721222.2196395
s,1747721222.5835361
i,1747721222.6968153
h,1747721223.0762427
a,1747721223.1763954
u,1747721223.8107822
m,1747721224.0024884
a,1747721224.0638065
r,1747721224.2580523
e,1747721224.290177
t,1747721224.5128796
a,1747721224.576402
t,1747721224.6400094
o,1747721225.181437
k,1747721225.3759518
i,1747721225.520521
k,1747721226.23601
a,1747721226.311896
r,1747721226.4234557
a,1747721226.5224936
s,1747721227.572597
y,1747721227.985724
o,1747721228.027822
u,1747721228.1154919
z,1747721228.6565588
i,1747721228.7205176
k,1747721228.9113398
i,1747721229.0546403
n,1747721229.1968508
a,1747721229.2608018
o,1747721229.4522982
t,1747721230.0219576
o,1747721230.1245759
k,1747721230.3231192
o,1747721230.3707323
d,1747721230.6740572
e,1747721230.7276938
a,1747721230.896807
t,1747721231.0757017
t,1747721231.167089
a,1747721231.2784028
change,1747721231.2784028
s,1747721232.0897744
o,1747721232.1714854
r,1747721232.3738399
e,1747721232.4216943
k,1747721233.1381247
a,1747721233.2332132
r,1747721233.345567
a,1747721233.4531264
g,1747721233.8627725
o,1747721233.9661894
z,1747721236.4238057
i,1747721236.52403
s,1747721237.06388
i,1747721237.2368875
n,1747721237.469939
n,1747721237.5314336
o,1747721237.8045309
o,1747721237.9479191
y,1747721238.5329025
o,1747721238.6311553
t,1747721239.1848896
u,1747721239.2816117
g,1747721239.4408274
i,1747721239.5363064
w,1747721239.8655274
o,1747721240.001546
change,1747721240.001546
m,1747721240.8172293
u,1747721240.9933887
k,1747721241.201105
o,1747721241.2643156
n,1747721241.4400656
o,1747721241.5198028
b,1747721241.9664123
o,1747721242.045813
k,1747721242.3484027
u,1747721242.5087378
z,1747721242.6990173
i,1747721242.7949347
n,1747721242.9780533
m,1747721243.386536
o,1747721243.4651356
g,1747721244.2160845
a,1747721244.312001
n,1747721244.3470716
k,1747721245.7291033
y,1747721246.0344603
o,1747721246.0806491
u,1747721246.1602342
d,1747721246.3860805
e,1747721246.421429
a,1747721246.6231735
t,1747721246.7973588
t,1747721246.8765721
a,1747721247.0037866
change,1747721247.0037866
m,1747721247.7876732
i,1747721247.9989452
g,1747721248.2995317
a,1747721248.3580263
w,1747721248.7444665
a,1747721248.8180354
r,1747721249.0589554
i,1747721249.203343
n,1747721249.4913971
o,1747721249.5391607
t,1747721250.0904574
o,1747721250.1962554
m,1747721250.403362
o,1747721250.4825206
w,1747721250.930445
o,1747721251.01012
s,1747721251.3607516
u,1747721251.4731743
k,1747721252.2709835
u,1747721252.429249
u,1747721252.4771054
t,1747721252.9385157
a,1747721252.9730744
m,1747721253.1501422
e,1747721253.3382075
h,1747721254.1665523
a,1747721254.234809
s,1747721254.46658
i,1747721254.533163
r,1747721254.7882886
u,1747721254.886615
n,1747721255.1055114
o,1747721255.1893947
d,1747721255.3184936
a,1747721255.3462253
change,1747721255.3462253
i,1747721256.2953742
n,1747721256.447381
o,1747721256.524857
t,1747721256.8118584
i,1747721256.891582
g,1747721257.6618836
a,1747721257.7199144
d,1747721258.265098
a,1747721258.3415263
i,1747721258.743921
z,1747721258.9502277
i,1747721259.061461
d,1747721259.5883505
a,1747721259.6576128
t,1747721260.0440645
t,1747721260.1051142
a,1747721260.2472768
r,1747721260.4720602
a,1747721260.5336487
o,1747721261.2019365
k,1747721261.373104
u,1747721261.5361662
r,1747721261.633278
e,1747721261.7044399
t,1747721261.900719
e,1747721261.9367988
k,1747721262.2387304
o,1747721262.315428
i,1747721262.490876
change,1747721262.490876
h,1747721263.2575374
a,1747721263.3085256
h,1747721263.3888679
a,1747721263.409539
change,1747721263.409539
m,1747721264.0529406
i,1747721264.1685143
e,1747721264.5982676
r,1747721264.8672178
u,1747721264.9627652
change,1747721264.9627652
s,1747721265.7491813
o,1747721265.8263395
r,1747721265.9698014
e,1747721266.0331438
k,1747721266.263128
a,1747721266.3018727
r,1747721266.4819648
a,1747721266.5593762
k,1747721267.019293
e,1747721267.1470284
n,1747721267.3122134
s,1747721267.537943
i,1747721267.6718001
n,1747721267.8927534
n,1747721267.9582677
o,1747721268.356136
a,1747721268.6440399
r,1747721268.9323077
e,1747721268.9806483
k,1747721269.4440129
i,1747721269.5807836
s,1747721269.6513495
u,1747721269.7629905
s,1747721269.8377357
a,1747721270.547257
m,1747721270.7406
a,1747721270.83351
w,1747721271.3935342
o,1747721271.576406
change,1747721271.576406
w,1747721272.5905135
a,1747721272.6381626
k,1747721273.2562146
a,1747721273.3618627
i,1747721273.5223784
s,1747721273.885987
y,1747721274.0938706
u,1747721274.1095567
u,1747721274.1894147
h,1747721274.5890968
a,1747721274.6660364
k,1747721274.955847
u,1747721275.154514
b,1747721275.47111
i,1747721275.55901
w,1747721275.734603
o,1747721275.8668962
h,1747721276.6654952
u,1747721276.7128754
t,1747721276.9193687
t,1747721276.9981103
e,1747721277.1306202
k,1747721277.3174624
o,1747721277.3801982
t,1747721277.5832438
a,1747721277.6318338
e,1747721277.8759394
n,1747721278.036503
a,1747721278.1162214
k,1747721278.2328382
a,1747721278.3082845
t,1747721278.4837737
t,1747721278.5631344
a,1747721278.7229817
change,1747721278.7229817
w,1747721279.6003065
a,1747721279.6367762
t,1747721279.8411968
a,1747721279.900167
s,1747721280.1056964
i,1747721280.251932
h,1747721280.523767
a,1747721280.6188984
y,1747721281.009505
o,1747721281.0886881
k,1747721281.253717
u,1747721281.3927386
y,1747721281.713774
o,1747721281.7962132
k,1747721281.942192
u,1747721282.097158
h,1747721282.7832873
u,1747721282.8475416
k,1747721283.24859
o,1747721283.3101156
u,1747721283.5015035
n,1747721283.740869
a,1747721283.868691
o,1747721284.1729577
t,1747721284.590345
o,1747721284.6561844
k,1747721284.8511703
o,1747721284.9288764
d,1747721285.2108593
a,1747721285.26504
change,1747721285.26504
s,1747721286.0535145
o,1747721286.1317134
u,1747721286.1885235
d,1747721286.3224256
e,1747721286.3862243
s,1747721286.577044
u,1747721286.6723678
change,1747721286.6723678
s,1747721286.7727375
y,1747721287.693385
o,1747721287.8693223
k,1747721288.1885858
a,1747721288.2645361
m,1747721288.5990765
a,1747721288.64835
n,1747721288.8379517
t,1747721289.3788123
e,1747721289.4589481
n,1747721289.8743916
n,1747721289.9677048
o,1747721290.578353
h,1747721291.2261
o,1747721291.3229814
s,1747721292.2664192
i,1747721292.3465037
d,1747721292.6154063
e,1747721292.6944695
a,1747721292.8992326
r,1747721293.0345154
u,1747721293.8545923
change,1747721293.8545923
o,1747721294.8430064
k,1747721295.0026767
u,1747721295.1698725
r,1747721295.2699506
e,1747721295.3393242
t,1747721295.5123367
a,1747721295.580714
r,1747721296.277092
a,1747721296.3401058
s,1747721296.5550785
o,1747721296.665316
n,1747721296.812284
o,1747721296.9114099
m,1747721297.2788415
i,1747721297.358361
g,1747721297.5746212
a,1747721297.6285925
w,1747721297.9262588
a,1747721297.9798422
r,1747721298.1933866
i,1747721298.2823365
w,1747721298.458052
o,1747721298.5853124
k,1747721298.863332
u,1747721300.2140152
t,1747721300.6882238
t,1747721300.801119
o,1747721301.0140142
k,1747721301.8591716
o,1747721301.9232395
r,1747721302.1979113
o,1747721302.3223424
s,1747721302.8367045
u,1747721303.2001576
z,1747721303.5998843
o,1747721304.2447002
change,1747721304.2447002
h,1747721305.2150583
i,1747721305.2968576
t,1747721305.4225655
o,1747721305.518689
n,1747721305.697987
o,1747721305.7980726
k,1747721306.2827566
o,1747721306.393892
k,1747721306.4095829
o,1747721306.5053608
r,1747721308.3681054
o,1747721308.4474957
w,1747721308.6359897
o,1747721308.7036154
u,1747721309.2792222
t,1747721309.6013365
a,1747721309.67812
g,1747721309.9173725
a,1747721309.9811566
u,1747721310.2068827
h,1747721310.7163198
a,1747721310.844511
m,1747721311.870322
o,1747721311.9155884
t,1747721312.018371
t,1747721312.0933824
o,1747721312.2808394
m,1747721312.4565012
o,1747721312.535074
h,1747721313.015381
a,1747721313.1096344
z,1747721313.3169196
u,1747721313.457124
b,1747721314.0512567
e,1747721314.1476567
k,1747721314.3070629
i,1747721314.4670413
a,1747721315.0366879
k,1747721315.1778772
u,1747721315.3693643
t,1747721315.7564945
o,1747721315.8180661
d,1747721316.022778
a,1747721316.0959172
change,1747721316.0959172
w,1747721316.9946568
a,1747721317.0458593
t,1747721317.23329
a,1747721317.2845786
s,1747721317.5044818
i,1747721317.6327028
h,1747721317.902996
a,1747721317.982183
y,1747721318.360282
o,1747721318.411705
k,1747721318.5841002
u,1747721320.333572
y,1747721320.8099167
o,1747721320.8890007
k,1747721321.1423874
u,1747721321.3605027
h,1747721322.6999614
u,1747721322.7798233
k,1747721323.0103014
o,1747721323.7724824
u,1747721324.0306404
n,1747721324.7809136
a,1747721325.2839732
o,1747721325.8625133
t,1747721326.1743808
o,1747721326.2624326
k,1747721326.739633
o,1747721326.8037176
d,1747721326.9632852
a,1747721327.045897
change,1747721327.045897
g,1747721328.447516
i,1747721329.7205763
m,1747721330.0719144
u,1747721330.2485645
s,1747721330.5064714
u,1747721330.5839765
i,1747721330.7752354
k,1747721331.062211
o,1747721331.1102798
u,1747721331.3181372
n,1747721331.509984
o,1747721331.557438
k,1747721331.7652643
i,1747721331.9407613
b,1747721332.157613
o,1747721332.2113602
u,1747721332.3397539
d,1747721332.5148213
e,1747721332.5804396
a,1747721332.738569
r,1747721333.0006146
u,1747721333.2163734
